atom_diff,reaction_class,delta_mass,count
<2H>,Redox reaction,2.01565006446,1743
<O>,Redox reaction,15.99491461957,1583
<2H+O>,Lytic reaction,18.01056468403,787
<2H+C>,Transfer reaction,14.01565006446,713
<10H+6C+5O>,Transfer reaction,162.05282342015,655
<>,Isomerazation,0.0,545
<H+3O+P>,Transfer reaction,79.96633088936001,416
<2H+2C+O>,Transfer reaction,42.01056468403,333
<C+2O>,Lytic reaction,43.98982923914,254
<2O>,Redox reaction,31.98982923914,232
<3H+N-O>,Transfer reaction,1.0316344815500005,200
<34H+21C+7N+15O+3P+S>,Ligation reaction,749.1046455900399,178
<-2H+O>,Redox reaction,13.97926455511,169
<4H+7O+2P>,Lytic reaction,177.94322646275,165
<-H-N+O>,Hydrolysis,0.9840155829100006,151
<10H+6C+4O>,Transfer reaction,146.05790880057998,104
<2H+6O+2P>,Lytic reaction,159.93266177872002,101
<C+O>,Hydrolysis,27.99491461957,95
<2H+C+2O>,Redox reaction,46.0054793036,93
<2H+2O>,Redox reaction,34.0054793036,92
<7H+5C+N+3O>,Ligation reaction,129.04259308875,84
<3O+S>,Transfer reaction,79.95681503311,83
<8H+6C+6O>,Transfer reaction,176.03208797526003,81
<2H+C+O>,Redox reaction,30.01056468403,78
<8H+5C>,Transfer reaction,68.06260025784,72
<-2H+2O>,Redox reaction,29.97417917468,69
<12H+10C+5N+6O+P>,Transfer reaction,329.05252012475,63
<8H+5C+4O>,Transfer reaction,132.04225873612,59
<-H+Cl>,Redox reaction,33.96102764977,59
<3H+2C+N+O>,Hydrolysis,57.02146372069,57
<13H+8C+N+5O>,Transfer reaction,203.07937252127,54
<4H+2C+2O>,Transfer reaction,60.02112936806,53
<4H+2C>,Transfer reaction,28.03130012892,52
<5H+3C+N+2O>,Lytic reaction,87.03202840472,52
<6H+9C+2O>,Transfer reaction,146.03677943252,50
<4H>,Redox reaction,4.03130012892,45
<5H+3C+N+O>,Hydrolysis,71.03711378515,43
<9H+5C+7O+P>,Transfer reaction,212.00858962548,41
<2H+3C+3O>,Transfer reaction,86.00039392317001,41
<2H+2C+2O>,Redox reaction,58.0054793036,40
<4H+3C+3O>,Lytic reaction,88.01604398763001,39
<H+Cl>,Isomerazation,35.97667771423,38
<H+C+N+O>,Hydrolysis,43.00581365623,35
<2H+3C+2O>,Hydrolysis,70.0054793036,34
<20H+12C+10O>,Hydrolysis,324.1056468403,33
<3H+N>,Lytic reaction,17.02654910112,33
<H>,Redox reaction,1.00782503223,32
<10H+6C+3O>,Transfer reaction,130.06299418101,31
<6H+9C+3O>,Transfer reaction,162.03169405209002,30
<12H+9C+3N+7O+P>,Transfer reaction,305.04128673546,28
<4H+2C+O>,Lytic reaction,44.026214748490005,28
<3H+C>,Transfer reaction,15.02347509669,28
<4H+3C+O>,Transfer reaction,56.026214748490005,27
<C>,Redox reaction,12.0,27
<6H+4C+O>,Hydrolysis,70.04186481295,27
<8H+5C+O>,Transfer reaction,84.05751487741,27
<-H+I>,Redox reaction,125.89664686777,26
<30H+16C+O>,Transfer reaction,238.22966558647,26
<-H-O+Cl>,Hydrolysis,17.9661130302,26
<4H+3C+2O>,Redox reaction,72.02112936806,26
<4H+7C+O>,Transfer reaction,104.02621474849,26
<7H+4C+N+2O>,Transfer reaction,101.04767846918,24
<16H+10C>,Transfer reaction,136.12520051568,23
<2H+C+2N>,Hydrolysis,42.02179807332,22
<4H+5C+2O>,Hydrolysis,96.02112936806,22
<17H+10C+3N+6O+S>,Transfer reaction,307.08380645302003,22
<34H+21C+7N+16O+3P+S>,Redox reaction,765.0995602096099,22
<12H+7C+3O>,Transfer reaction,144.07864424547,22
<5H+4C+N+3O>,Hydrolysis,115.02694302429,22
<6H+3C+2O>,Lytic reaction,74.03677943252,21
<4H+4C+4O>,Lytic reaction,116.0109586072,20
<4H+4C+3O>,Transfer reaction,100.01604398763,19
<2H+C+3O>,Lytic reaction,62.00039392317001,19
<4H+7C+2O>,Hydrolysis,120.02112936806,19
<3H+4O+P>,Lytic reaction,97.97689557339,18
<4H+7C+4O>,Transfer reaction,152.0109586072,18
<13H+8C+N+4O>,Transfer reaction,187.0844579017,17
<11H+6C+N+O>,Hydrolysis,113.08406397853,17
<-H+N>,Redox reaction,12.9952489722,17
<8H+10C+3O>,Transfer reaction,176.04734411655,17
<11H+6C+N+4O>,Transfer reaction,161.06880783724,17
<12H+8C+7O>,Transfer reaction,220.05830272375,17
<11H+6C+8O+P>,Hydrolysis,242.01915430951,17
<H-N+2O>,Hydrolysis,18.99458026694,17
<7H+10C+N+O>,Transfer reaction,157.05276384961002,17
<15H+10C+3N+5O+S>,Hydrolysis,289.07324176899,16
<10H+11C+4O>,Transfer reaction,206.05790880058,16
<9H+5C+N+O>,Redox reaction,99.06841391407,16
<7H+3C+6O+P>,Lytic reaction,169.99802494145,16
<7H+3C+N>,Transfer reaction,57.05784923004,15
<12H+6C+2N+O>,Hydrolysis,128.09496301519,15
<12H+7C+6O>,Others,192.06338810418,15
<2H+2C>,Others,26.01565006446,14
<6H+6C+6O>,Ligation reaction,174.0164379108,14
<5H+7C+N+O>,Transfer reaction,119.03711378515,14
<8H+5C+2N+3O>,Others,144.05349212541,14
<2H+3O+S>,Lytic reaction,81.97246509757,14
<32H+18C+O>,Hydrolysis,264.24531565093,14
<15H+8C+N+2O>,Transfer reaction,157.11027872702002,14
<3H>,Redox reaction,3.02347509669,14
<4H+5C+4O>,Others,128.0109586072,14
<4H+2O>,Hydrolysis,36.02112936806,14
<6H+4C+2O>,Hydrolysis,86.03677943252,13
<5H+2C+N>,Transfer reaction,43.04219916558,13
<7H+3C+5O+P>,Hydrolysis,154.00311032188,13
<H+O>,Others,17.0027396518,13
<6H>,Redox reaction,6.04695019338,13
<6H+3C+O>,Lytic reaction,58.04186481295,12
<12H+10C+5N+7O+P>,Transfer reaction,345.04743474432,12
<5H+N>,Redox reaction,19.04219916558,12
<5H+3C+N+O+S>,Ligation reaction,103.00918495955,12
<-H-N+2O>,Redox reaction,16.97893020248,12
<7H+9C+N+4O>,Others,193.03750770832,12
<11H+9C+2N+8O+P>,Transfer reaction,306.02530231837,12
<2O+S>,Hydrolysis,63.96190041354,12
<6H+3C>,Transfer reaction,42.04695019338,12
<10H+6C+O>,Others,98.07316494187,12
<30H+20C+O>,Hydrolysis,286.22966558647,12
<6H+8C+3O>,Redox reaction,150.03169405209002,11
<4H+4C+2O>,Hydrolysis,84.02112936806,11
<-H+O>,Redox reaction,14.98708958734,11
<-O+S>,Redox reaction,15.97715655483,11
<4H+C>,Redox reaction,16.03130012892,11
<18H+11C+9O>,Hydrolysis,294.09508215627,11
<3H+C+N-O>,Hydrolysis,13.031634481549997,11
<9H+6C+2O-P>,Transfer reaction,82.08649253079,11
<6H+8C+2O>,Transfer reaction,134.03677943252,11
<26H+14C+O>,Transfer reaction,210.19836545755,11
<17H+11C+N+8O>,Transfer reaction,291.09541650890003,11
<15H+10C+3N+6O+S>,Redox reaction,305.06815638856,11
<34H+18C+O>,Transfer reaction,266.26096571539,11
<34H+20C+7N+14O+3P+S>,Redox reaction,721.1097309704699,11
<5H+3C+N+2O+S>,Redox reaction,119.00409957912,11
<H+N>,Redox reaction,15.01089903666,11
<3O>,Redox reaction,47.98474385871,10
<-H+Br>,Redox reaction,77.91051256777,10
<22H+12C+O>,Transfer reaction,182.16706532863,10
<18H+10C+O>,Transfer reaction,154.13576519971002,10
<4H+7C+3O>,Others,136.01604398762998,10
<24H+15C>,Transfer reaction,204.18780077352,10
<8H+5C+3O>,Transfer reaction,116.04734411655,10
<16H+10C+3N+6O+S-Cl>,Transfer reaction,271.10712873879004,10
<5H+C+N-O>,Redox reaction,15.04728454601,10
<9H+9C+N+O>,Transfer reaction,147.06841391407002,10
<-2H+C+O>,Lytic reaction,25.97926455511,10
<7H+4C+N+O>,Hydrolysis,85.05276384961,9
<12H+6C+4N+O>,Hydrolysis,156.10111102405,9
<6H+9C+O>,Transfer reaction,130.04186481295,9
<6H+7C+3O>,Hydrolysis,138.03169405209002,9
<6H+7C+O>,Lytic reaction,106.04186481295,9
<32H+20C>,Transfer reaction,272.25040103136,9
<10H+7C+O>,Transfer reaction,110.07316494187,9
<H+C+N>,Lytic reaction,27.01089903666,9
<-H+N+2O>,Others,44.98507821134,9
<8H+6C+5O>,Hydrolysis,160.03717335569002,9
<-4H-10C+5O+2P>,Others,17.89079696577,9
<H-O+Cl>,Redox reaction,19.98176309466,9
<8H+4C>,Others,56.06260025784,9
<10H+6C+2O>,Others,114.06807956144,9
<28H+16C+O>,Transfer reaction,236.21401552201,9
<9H+9C+N+2O>,Others,163.06332853364,8
<166H+86C+3O>,Others,1247.28369920889,8
<8H+9C+O>,Redox reaction,132.05751487741,8
<2H+4O+S>,Others,97.96737971714,8
<16H+10C+O>,Ligation reaction,152.12011513525002,8
<-2H-C+O>,Others,1.9792645551099997,8
<17H+7C+3N-O>,Hydrolysis,127.14733294163,8
<6H+5C+3O>,Transfer reaction,114.03169405209,8
<6H+8C+O>,Transfer reaction,118.04186481295,8
<-2H+C>,Redox reaction,9.98434993554,8
<3H+C+N+O>,Others,45.02146372069,8
<4H+O>,Others,20.02621474849,8
<2H+2C+3O>,Lytic reaction,74.00039392317001,8
<14H+8C+O>,Transfer reaction,126.10446507079,8
<6H+5C+4O>,Redox reaction,130.02660867166,8
<6H+7C>,Redox reaction,90.04695019338,8
<32H+21C+7N+16O+3P+S>,Redox reaction,763.0839101451498,8
<10H+5C+2N+O>,Hydrolysis,114.07931295073,8
<O+S>,Redox reaction,47.96698579397,8
<14H+10C>,Others,134.10955045122,8
<3H+5C+5N-O>,Hydrolysis,117.04393049927,8
<S>,Redox reaction,31.9720711744,8
<6H+2C+N+3O+P>,Transfer reaction,123.00853005494,8
<30H+18C+O>,Hydrolysis,262.22966558647,8
<H+N+O>,Redox reaction,31.00581365623,7
<24H+14C+O>,Others,208.18271539309,7
<10H+5C+O>,Redox reaction,86.07316494186999,7
<2H+2O+S>,Redox reaction,65.977550478,7
<6H+4C+3O>,Transfer reaction,102.03169405209,7
<9H+5C+N+3O>,Transfer reaction,131.05824315321,7
<5H+4C+N+O>,Others,83.03711378515,7
<30H+18C+15O>,Hydrolysis,486.15847026045,7
<14H+8C+N+8O+P>,Transfer reaction,283.04570341063,7
<38H+23C+7N+17O+3P+S>,Lytic reaction,809.1257749580999,7
<6H+6C+3O>,Transfer reaction,126.03169405209,7
<3H+6C+N+2O>,Hydrolysis,121.01637834026002,7
<6H+4C+2N+2O>,Transfer reaction,114.04292744138,6
<6H+3C+3O>,Lytic reaction,90.03169405209,6
<6H+5C+O>,Transfer reaction,82.04186481295,6
<6H+8C>,Others,102.04695019338,6
<19H+11C+4N+5O+2P+S>,Redox reaction,381.05513989918,6
<38H+24C+3O>,Hydrolysis,374.28209508345,6
<9H+8C+N+O>,Lytic reaction,135.06841391407002,6
<30H+22C+O>,Transfer reaction,310.22966558647,6
<8H+5C+2N+2O>,Others,128.05857750584,6
<2H+C+S>,Others,45.98772123886,6
<9H+5C+N+O+S>,Redox reaction,131.04048508847,6
<2H+6C+O+2Br>,Others,247.84723988403,6
<3H+C+N>,Redox reaction,29.02654910112,6
<3H+O>,Redox reaction,19.01838971626,6
<2H+3C+O>,Others,54.01056468403,6
<12H+9C+2N+11O+2P>,Hydrolysis,385.9916332077301,6
<-5H-3C+O+P>,Others,5.929551456840002,6
<12H+7C+4O>,Transfer reaction,160.07355886504,6
<48H+30C>,Transfer reaction,408.37560154704,6
<4H+3C>,Redox reaction,40.03130012892,6
<-2H-7C+4O+2P>,Transfer reaction,39.91153241066,6
<5H+2C+N+2O>,Lytic reaction,75.03202840472,6
<2C+3O>,Transfer reaction,71.98474385871,6
<-3H+N>,Others,10.97959890774,6
<56H+35C>,Transfer reaction,476.43820180488,6
<7H+4C+N+O+S>,Lytic reaction,117.02483502401,6
<16H+12C+2O>,Transfer reaction,192.11502975482,6
<14H+9C+O>,Others,138.10446507079,6
<2H+2C-O>,Others,10.02073544489,5
<2H+4O+2S>,Others,129.93945089154,5
<2H+5C+5N-4O-P>,Transfer reaction,37.07759960991,5
<11H+5C+7O+P>,Others,214.02423968994,5
<22H+12C+2O>,Others,198.1619799482,5
<11H+5C+13O+3P>,Transfer reaction,371.9412514042,5
<11H+6C+N+2O>,Transfer reaction,129.0789785981,5
<2H-O+S>,Others,17.99280661929,5
<20H+13C+O>,Others,192.15141526417,5
<5H+2C+N-O>,Hydrolysis,27.04728454601,5
<31H+19C+6N+14O+3P+S>,Transfer reaction,692.0831818693499,5
<4H+5C+3O>,Ligation reaction,112.01604398763,5
<11H+8C+N+6O>,Transfer reaction,217.05863707638,5
<11H+7C+N+4O>,Others,173.06880783724,5
<58H+30C+2O>,Others,450.44368110848,5
<4H+C+O>,Others,32.026214748490005,5
<4H+C+O+S>,Redox reaction,63.998285922890005,5
<4H+6C+4O>,Hydrolysis,140.0109586072,5
<12H+4C+2N-O>,Redox reaction,72.10513377605,5
<12H+6C+6O>,Lytic reaction,180.06338810418,5
<14H+8C+2N+3O>,Ligation reaction,186.10044231879,5
<40H+25C>,Transfer reaction,340.3130012892,5
<40H+24C+20O>,Hydrolysis,648.2112936806,5
<3H+6C+N+O>,Others,105.02146372069,5
<14H+10C+2N+6O>,Transfer reaction,258.0851861775,5
<14H+10C+O>,Ligation reaction,150.10446507079,5
<38H+24C+4O>,Transfer reaction,390.27700970302,5
<5H+2C+N+O>,Redox reaction,59.03711378515,5
<6H+11C+O>,Transfer reaction,154.04186481295002,5
<30H+16C+2O>,Others,254.22458020604,5
<8H+6C+4O>,Redox reaction,144.04225873612,5
<6H+7C+2O>,Redox reaction,122.03677943252,5
<7H+6C+2N+O>,Transfer reaction,123.05583785404,5
<-H+N+O>,Redox reaction,28.99016359177,5
<10H+6C+2N+2O>,Ligation reaction,142.0742275703,5
<10H+3C+2N-O>,Redox reaction,58.089483711590006,5
<6H+5C+2O>,Lytic reaction,98.03677943252,5
<7H+8C+N+2O>,Redox reaction,149.04767846918,5
<7H+3C+N+2O+S>,Lytic reaction,121.01974964358,5
<8H+4C+2N+O>,Hydrolysis,100.06366288627,5
<-H-O+F>,Hydrolysis,1.995663510930001,5
<9H+7C+3N+3O>,Transfer reaction,183.06439116207,4
<3H+5C+N+O>,Hydrolysis,93.02146372069,4
<4H+C-O>,Redox reaction,0.0363855093500014,4
<7H+10C+N+3O>,Transfer reaction,189.04259308875,4
<2H+3O>,Redox reaction,50.00039392317,4
<78H+46C-2N-5O>,Transfer reaction,522.62963140723,4
<3H+6C+2O+Br>,Others,185.93164193583,4
<8H+9C+2O>,Transfer reaction,148.05242949698,4
<2H+4C+3O>,Hydrolysis,98.00039392317,4
<8H>,Redox reaction,8.06260025784,4
<2H+3C+2N+6O+2P>,Transfer reaction,223.93880978758,4
<168H+86C+3O>,Others,1249.29934927335,4
<3H+3C+N+2O>,Hydrolysis,85.01637834025999,4
<18H+10C+2O>,Others,170.13067981928,4
<56H+34C+2N+23O>,Others,860.3273860638501,4
<3H+2O+P>,Redox reaction,65.98706633425,4
<166H+85C+3O>,Others,1235.28369920889,4
<71H+43C+5O+P>,Transfer reaction,698.5039123846,4
<3H+7C+3N+4O>,Others,193.01235558826,4
<26H+14C+2O>,Transfer reaction,226.19328007712,4
<4H+C+2N+O>,Lytic reaction,60.03236275735,4
<4H+8C+3O>,Hydrolysis,148.01604398762998,4
<7H+8C+N+O>,Redox reaction,133.05276384961002,4
<12H+7C+5O>,Hydrolysis,176.06847348461,4
<12H+7C+2N+3O>,Hydrolysis,172.08479225433,4
<12H+8C+O>,Others,124.08881500633,4
<H+4O+P>,Redox reaction,95.96124550893,4
<4H+3C+S>,Others,72.00337130332,4
<2C+O>,Others,39.99491461957,4
<16H+9C+O>,Others,140.12011513525002,4
<12H+5C+N>,Hydrolysis,86.09697439119,4
<42H+22C+O>,Hydrolysis,322.32356597323,4
<12H+5C+N+3O+P>,Transfer reaction,165.05548024832,4
<4H+4C+5O>,Lytic reaction,132.00587322677,4
<87H+43C+5O+P>,Transfer reaction,714.6291129002799,4
<13H+10C+5N+9O+2P>,Hydrolysis,409.01885101411,4
<8H+10C+2N+O>,Redox reaction,172.06366288627,4
<10H+10C+O>,Others,146.07316494187,4
<4H+6C+O>,Hydrolysis,92.02621474849,4
<H+2C+O+Cl>,Transfer reaction,75.9715923338,4
<3H+C+N+2O>,Ligation reaction,61.01637834026,4
<13H+7C+N+2O>,Transfer reaction,143.09462866256,4
<H+N+2O>,Redox reaction,47.0007282758,4
<3C>,Transfer reaction,36.0,4
<4H+10C+5O>,Redox reaction,204.00587322677,4
<15H+8C+N+3O>,Transfer reaction,173.10519334659,4
<64H+40C>,Transfer reaction,544.50080206272,4
<32H+18C+2O>,Others,280.24023027050004,4
<5H+8C+N>,Hydrolysis,115.04219916558,4
<20H+12C+9O>,Hydrolysis,308.11073222073003,4
<H+O+P-S>,Transfer reaction,16.00443047582,4
<11H+18C+3N>,Others,269.09529736782,4
<9H+5C+4O>,Hydrolysis,133.05008376835002,4
<9H+4C+N>,Transfer reaction,71.0734992945,4
<11H+10C+5N+3O>,Transfer reaction,249.08618923539,4
<8H+7C+4O>,Hydrolysis,156.04225873612,4
<-C+O>,Redox reaction,3.99491461957,4
<9H+4C+2O+P+S>,Hydrolysis,152.00608770203002,4
<21H+12C+N+9O>,Hydrolysis,323.12163125739005,4
<30H+18C+2O>,Others,278.22458020604,4
<20H+12C+O>,Others,180.15141526417,4
<6H+3C+2N+O>,Ligation reaction,86.04801282180999,4
<30H+15C+7N+13O+3P+S>,Transfer reaction,641.08351622198,4
<8H+4C+O>,Redox reaction,72.05751487741,4
<22H+11C+2N+9O+2P+S>,Ligation reaction,420.05212546529,4
<15H+8C+N+O>,Others,141.11536410745,4
<-4H+2O>,Redox reaction,27.95852911022,4
<18H+11C+O>,Others,166.13576519971002,4
<150H+78C+2O>,Others,1119.16358407364,4
<38H+20C+O>,Transfer reaction,294.29226584431,4
<46H+28C+2N+18O>,Others,698.2745626437,3
<41H+28C+5N+22O+2P>,Ligation reaction,861.17184197096,3
<16H+14C>,Others,184.12520051568,3
<H+4C+2N-2O-P>,Others,14.050381803529998,3
<13H+10C+5N+3O>,Others,251.10183929985,3
<12H+8C+2N+5O>,Others,216.07462149347,3
<16H+13C+3O>,Hydrolysis,220.10994437439,3
<12H+8C+2N+4O>,Hydrolysis,200.0797068739,3
<H+3C+3N+2O>,Hydrolysis,111.00687628466,3
<2Cl>,Others,69.937705364,3
<2H+N-O>,Transfer reaction,0.023809449319998,3
<2H+N-O+Cl>,Lytic reaction,34.99266213132,3
<12H+8C+N+2O-P>,Others,123.11304163191,3
<48H+24C+N+6O+P>,Others,477.32192526731,3
<9H+4C+N-2O>,Others,39.08367005536,3
<2C>,Others,24.0,3
<80H+50C>,Transfer reaction,680.6260025784,3
<8H+8C+O>,Redox reaction,120.05751487741,3
<3O+P>,Transfer reaction,78.95850585713,3
<7H+9C+N>,Others,129.05784923004,3
<29H+20C+3N+18O+2P>,Ligation reaction,661.0921350970601,3
<44H+27C>,Hydrolysis,368.34430141812,3
<9H+11C+N+4O>,Others,219.05315777278005,3
<46H+24C+O>,Hydrolysis,350.35486610215,3
<30H+18C+14O>,Hydrolysis,470.16355564088,3
<3C+2O>,Others,67.98982923914,3
<8H+11C+2N>,Others,168.0687482667,3
<16H+12C+12O>,Transfer reaction,352.06417595052005,3
<36H+21C+7N+16O+3P+S>,Lytic reaction,767.1152102740699,3
<8H+15C+6O>,Hydrolysis,284.03208797526,3
<8H+2C+N+4O+P>,Lytic reaction,141.01909473897,3
<13H+9C+N+2O>,Hydrolysis,167.09462866255998,3
<3H+4C+2N-O>,Hydrolysis,63.034708485980005,3
<2H+5C+4N>,Hydrolysis,118.02794608218,3
<14H+10C+2N+2O+S>,Ligation reaction,226.07759887362,3
<36H+27C+O>,Others,376.27661577985,3
<36H+27C>,Others,360.28170116028,3
<37H+24C+3N+15O>,Others,607.2224674993499,3
<9H+6C+O-P>,Others,66.09157791122,3
<14H+10C+5N+12O+3P>,Hydrolysis,488.9851819034701,3
<8H+3C+O>,Redox reaction,60.05751487741,3
<14H+10C+5N+7O+P>,Lytic reaction,347.06308480878,3
<38H+20C>,Others,278.29735122474,3
<3H+2C+Cl>,Redox reaction,61.99232777869,3
<13H+8C+N+8O+S>,Hydrolysis,283.03618755438004,3
<8H+15C+4O>,Hydrolysis,252.04225873612,3
<8H+10C+5N-O-P>,Others,151.10929366199997,3
<-3H-7C-N+5O+2P>,Others,40.895547993569984,3
<-2O+2Cl>,Others,37.94787612486,3
<8H+6C+3N>,Transfer reaction,122.07182227113,3
<-4H-7C+5O+2P>,Transfer reaction,53.89079696577,3
<14H+7C+O>,Others,114.10446507079,3
<8H+5C-O>,Redox reaction,52.06768563827001,3
<32H+22C+O>,Transfer reaction,312.24531565093,3
<33H+21C+7N+12O+2P+S>,Transfer reaction,669.13831470068,3
<34H+17C-O>,Lytic reaction,222.27113647625,3
<9H+8C+N-O>,Hydrolysis,103.07858467493,3
<2H+7O+2P>,Redox reaction,175.92757639829,3
<8H+11C+4O>,Lytic reaction,204.04225873612,3
<8H+5C+2O>,Others,100.05242949698,3
<14H+6C+2N+O>,Redox reaction,130.11061307965,3
<-H+3C+N-2O>,Lytic reaction,17.005419733059995,3
<9H+6C+N+3O>,Redox reaction,143.05824315321,3
<3H+3C+N+O>,Hydrolysis,69.02146372069,3
<8H+3C+N>,Transfer reaction,58.06567426227,3
<52H+32C+7N+19O+P>,Transfer reaction,869.3055594772198,3
<24H+42C+24O>,Others,912.0657516432,3
<21H+19C+7N+5O>,Ligation reaction,427.16041680569,3
<-2H+3O>,Others,45.96909379425001,3
<10H+5C+2N+2O>,Others,130.0742275703,3
<10H+5C+10O+2P>,Lytic reaction,291.97492051484,3
<5H+3C+5O+P>,Transfer reaction,151.98746025742,3
<10H+4C+2N-O>,Hydrolysis,70.08948371159,3
<10H+3C+N>,Lytic reaction,60.08132432673,3
<5H+2C+N+2O+S>,Hydrolysis,107.00409957912,3
<22H+14C+O>,Others,206.16706532863,3
<22H+15C+O>,Redox reaction,218.16706532863,3
<56H+34C+2N+24O>,Others,876.32230068342,3
<H+C-N+O>,Others,14.99966564737,3
<50H+26C+O>,Others,378.3861662310701,3
<4O>,Redox reaction,63.97965847828,3
<72H+45C>,Transfer reaction,612.56340232056,3
<H+C-N+2O>,Others,30.99458026694,3
<12H+10C>,Others,132.09390038676,3
<4H+N+3O+P>,Lytic reaction,96.99287999048,3
<7H+2C+N-O>,Redox reaction,29.06293461047,3
<6H+6C+5O>,Hydrolysis,158.02152329122998,3
<6H+6C+4N+O>,Redox reaction,150.05416083067,3
<6H+6C+2O>,Hydrolysis,110.03677943252,3
<20H+13C-O>,Redox reaction,160.16158602502998,3
<6H+10C+2N>,Others,154.05309820224,3
<64H+41C+14O>,Others,780.4296067367001,3
<64H+40C+8N+21O>,Others,992.41860110913,3
<5O+2P>,Hydrolysis,141.92209709469,3
<10H+8C+2N+2O+S>,Transfer reaction,198.0462987447,3
<18H+22C+2N+4O>,Hydrolysis,374.12665706728,3
<20H+12C+8O>,Hydrolysis,292.11581760116,3
<H-C+2O+P>,Redox reaction,51.97141626979,3
<20H+17C+3O>,Others,272.14124450331,3
<11H+6C+N+3O>,Others,145.07389321767,3
<10H+7C+4O>,Transfer reaction,158.05790880057998,3
<6H+4C+4O>,Lytic reaction,118.02660867166,3
<5H+6C+3N>,Others,119.04834717444,3
<20H+35C+20O>,Others,760.054793036,3
<5H+5O+P>,Lytic reaction,115.98746025742,3
<11H+6C+3N+2O>,Hydrolysis,157.08512660696,3
<5H+5C+N>,Others,79.04219916558,3
<10H+6C+6O>,Others,178.04773803972,3
<24H+16C+2O>,Transfer reaction,248.17763001266,3
<28H+18C+O>,Hydrolysis,260.21401552201,3
<10H+10C+2O>,Redox reaction,162.06807956144,3
<7H+5C+N+2O>,Others,113.04767846918,3
<10H+10C+2N-O>,Lytic reaction,142.08948371159,3
<10H+10C+2N+2O>,Hydrolysis,190.0742275703,3
<12H+5C+4N-O>,Hydrolysis,112.11128178491,3
<12H+5C+2N+O>,Redox reaction,116.09496301519,3
<4H+4C+O>,Ligation reaction,68.02621474849,3
<107H+53C+5O+P>,Others,854.78561354488,3
<26H+26C+14O>,Others,562.13225551196,3
<28H+15C+O>,Transfer reaction,224.21401552201,3
<28H+16C+3O>,Others,268.20384476115,3
<7H+5C+O-P>,Others,52.07592784676,3
<7H+6C+N+O>,Transfer reaction,109.05276384961,3
<H+5C+4N-3O-P>,Others,38.06161519282,3
<7H+7C+Cl>,Redox reaction,126.02362790761,3
<4H+5C+4N+O>,Redox reaction,136.03851076621,3
<7H+7C+N+2O>,Lytic reaction,137.04767846918,3
<7H+3C+N+O>,Redox reaction,73.05276384961,3
<7H+4C+N+3O>,Redox reaction,117.04259308875,3
<4H+2C+3O>,Lytic reaction,76.01604398763001,3
<7H+3C+N-O>,Hydrolysis,41.06293461047,3
<20H+11C>,Others,152.1565006446,2
<20H+11C+2N+O>,Others,196.15756327303,2
<9H+11C+N+3O>,Others,203.05824315321,2
<28H+15C+2O>,Others,240.20893014158,2
<28H+20C-O>,Redox reaction,252.22418628287,2
<9H+10C+N+5O>,Others,223.04807239235,2
<H-C+O+P>,Lytic reaction,35.97650165022,2
<9H+5C+N>,Others,83.07349929450001,2
<2N>,Others,28.00614800886,2
<9H+6C+N+2O>,Hydrolysis,127.06332853364,2
<19H+7C+3N-O>,Redox reaction,129.16298300608997,2
<19H+18C+N+3O>,Redox reaction,297.13649347551,2
<2H+6C+2O+2Br>,Others,263.8421545036,2
<2H+6C+2N+4O>,Hydrolysis,166.0014565516,2
<28H+20C>,Redox reaction,268.21910090244,2
<20H+19C+3N+11O+P>,Ligation reaction,497.08354547158,2
<2H+C+2N-O>,Others,26.02688345375,2
<20H+11C+O>,Others,168.15141526417,2
<28H+17C-O>,Others,216.22418628287,2
<28H+17C+2N+12O+S>,Redox reaction,484.1362955205401,2
<2H+N+2O+P>,Others,78.98231530645,2
<20H+12C+3O>,Others,212.14124450331,2
<29H+16C+O>,Others,237.22184055424,2
<28H+17C+14O>,Others,456.14790557642,2
<20H+12C>,Lytic reaction,164.1565006446,2
<29H+18C+5N+8O>,Others,443.20161291338,2
<9H+6C+N+4O>,Transfer reaction,159.05315777278005,2
<9H+5C+N+2O+S>,Others,147.03539970804002,2
<9H+5C+N+2O>,Redox reaction,115.06332853364,2
<2H+S>,Lytic reaction,33.98772123886,2
<20H+14C+2O>,Transfer reaction,220.14632988374,2
<9H+5C+N+3O+S>,Others,163.03031432761003,2
<2H-N+4O+P>,Transfer reaction,82.96599653673,2
<21H+11C+2N+6O+P+S>,Hydrolysis,340.08579457593004,2
<9H+9C+N+3O>,Others,179.05824315321,2
<21H+14C+6N+13O+3P+S>,Transfer reaction,606.0100169274799,2
<2H+5C+5N-3O-P>,Others,53.07251422947999,2
<H+3C+2N+3O+P>,Transfer reaction,143.97247889822,2
<H+Br>,Others,79.92616263223,2
<2H+4C+3N-3O-P>,Others,13.066366220619988,2
<2H+4C+2O>,Hydrolysis,82.0054793036,2
<26H+16C+5N+13O+3P+S>,Transfer reaction,621.0460680841999,2
<26H+16C+2N+8O>,Others,374.1689158034,2
<2H+4C+2N+O>,Hydrolysis,94.01671269289,2
<24H+12C+2O>,Transfer reaction,200.17763001266,2
<24H+14C+7N+10O+3P+S>,Transfer reaction,575.0518221698899,2
<H+C+2O+Cl>,Isomerazation,79.96650695337,2
<2H+2N-O>,Hydrolysis,14.02688345375,2
<24H+15C+4N+7O>,Ligation reaction,372.16449912823,2
<H+C+O>,Redox reaction,29.0027396518,2
<9H+7C+3N+4O>,Others,199.05930578164,2
<9H+7C+5N+2O>,Redox reaction,195.07562455136,2
<9H+9C+N+4O>,Others,195.05315777278005,2
<26H+12C+7N+14O+3P+S>,Transfer reaction,617.04713071263,2
<26H+14C+7N+11O+3P+S>,Transfer reaction,593.06238685392,2
<9H+8C+N>,Ligation reaction,119.0734992945,2
<23H+15C+5N+16O+3P>,Transfer reaction,622.03526567182,2
<22H+24C+2N+13O>,Others,546.11218877233,2
<22H+17C+9O>,Lytic reaction,370.12638228519,2
<2H+4C+7N+13O+3P+S>,Transfer reaction,480.86441531954,2
<28H+13C+7N+15O+3P+S>,Transfer reaction,647.0576953966598,2
<27H+24C+4N+14O+P>,Ligation reaction,626.12613856033,2
<H+C+2O>,Transfer reaction,44.99765427137,2
<21H+15C+5N+13O+2P>,Hydrolysis,541.06110975023,2
<9H+6C+N+O+S>,Others,143.04048508847,2
<2H+2C+2O-S>,Transfer reaction,26.0334081292,2
<2H+4C>,Transfer reaction,50.01565006446,2
<2H+4C+O>,Others,66.01056468403,2
<22H+13C+2N+6O>,Others,302.14778643534,2
<28H+18C+14O>,Others,468.14790557642,2
<26H+18C-O>,Redox reaction,226.20853621841,2
<2H+4C+5N+O+P>,Others,166.9996967046,2
<22H+14C+7N+15O+3P+S>,Others,653.01074520328,2
<H+3O-Cl>,Redox reaction,14.023716208940009,2
<H+3C+3N-O>,Others,63.022132425950005,2
<H+F>,Others,20.00622819496,2
<26H+16C+7N+12O+3P+S>,Transfer reaction,633.0573014734899,2
<22H+16C+O>,Others,230.16706532863,2
<28H+20C+3O>,Others,316.20384476115,2
<6H+2C+O>,Transfer reaction,46.04186481295,2
<8H+8C>,Redox reaction,104.06260025784,2
<4C+N+3Br>,Others,298.75808680443,2
<7H+5C+3N-O>,Ligation reaction,93.06908261933,2
<4H+7C>,Others,88.03130012892,2
<7H+3C+N+O+S>,Redox reaction,105.02483502401,2
<4H+8C+2O>,Lytic reaction,132.02112936806,2
<4H+C+2O>,Redox reaction,48.02112936806,2
<4H+C+3O>,Others,64.01604398763001,2
<19H+12C+3N+7O>,Others,317.12229996265,2
<4H+C+O+2S>,Others,95.97035709729,2
<4H+C+S>,Lytic reaction,48.00337130332,2
<4H+N>,Redox reaction,18.03437413335,2
<75H+40C+N+8O>,Others,697.54926837824,2
<74H+48C+6N+30O>,Others,1214.4449349987,2
<50H+30C+25O>,Hydrolysis,810.26411710075,2
<51H+28C+N+8O>,Others,529.36146760472,2
<51H+32C+6N+20O+P>,Others,870.2895750601299,2
<4H+6C>,Hydrolysis,76.03130012892,2
<4H+6C+N+O>,Hydrolysis,106.02928875292,2
<4H+6C+2O>,Hydrolysis,108.02112936806,2
<7H+6C+N+4O>,Hydrolysis,157.03750770832,2
<7H+9C+2O+I>,Others,273.94907636475,2
<4H+2C+3O+2S>,Transfer reaction,139.96018633643,2
<7H+8C+N>,Lytic reaction,117.05784923004,2
<4H+2C+S>,Others,60.00337130332,2
<4H+2C-O>,Others,12.03638550935,2
<7H+7C+5N+O>,Transfer reaction,177.06505986733,2
<4H+3C+5N-O+Cl>,Redox reaction,129.0206082135,2
<4H+6C+2Cl>,Redox reaction,145.96900549292,2
<7H+6C+3O-P>,Others,96.0657570859,2
<7H+6C+3N+O>,Hydrolysis,137.05891185847,2
<7H+6C+3N+2O>,Others,153.05382647804,2
<4H+4C+2N+O>,Redox reaction,96.03236275735,2
<7H+6C+2N+5O+P>,Transfer reaction,218.00925833074,2
<7H+5C+N+O>,Others,97.05276384961,2
<52H+31C+7N+17O+P>,Transfer reaction,825.3157302380799,2
<53H+32C+N+25O>,Others,851.29066620187,2
<53H+35C+7N+25O+2P>,Ligation reaction,1033.25663422529,2
<5H+C+N-O+Se>,Others,94.96380634601,2
<5H+7C+N+2O>,Hydrolysis,135.03202840472,2
<5H+7C+N+3O>,Others,151.02694302429,2
<6H+3C+N+2O>,Transfer reaction,88.03985343695,2
<5H+8C+N-O>,Lytic reaction,99.04728454601,2
<5H+9C+N+3O>,Ligation reaction,175.02694302429,2
<5H+C+2O+P>,Redox reaction,80.00271639871,2
<6H+3C+5O+S>,Lytic reaction,153.99359446563,2
<5H+6C+N>,Others,91.04219916558,2
<60H+32C+2O>,Transfer reaction,476.45933117294,2
<63H+34C+N+8O>,Transfer reaction,613.45536799148,2
<64H+34C+2N+7O>,Others,612.47135240857,2
<66H+40C+10N+19O>,Others,990.45056994331,2
<6H+10C+O>,Others,142.04186481295,2
<6H+11C+2N+2O+2S>,Others,261.98706979018004,2
<5H+6C+O+Br>,Transfer reaction,171.95237738072,2
<5H+6C+N-O>,Hydrolysis,75.04728454601,2
<56H+34C+2N+25O>,Others,892.31721530299,2
<5H+3C+N+3O+S>,Redox reaction,134.99901419869002,2
<72H+44C-2O>,Transfer reaction,568.57357308142,2
<59H+32C+N+8O>,Others,585.42406786256,2
<71H+43C+11N+20O>,Others,1061.48768372846,2
<71H+38C+N+8O>,Others,669.51796824932,2
<6O+2P>,Others,157.91701171426,2
<5H+3C+6O+P>,Others,167.98237487699,2
<5H+3C+N+3O>,Lytic reaction,103.02694302429,2
<5H+6C+2N>,Hydrolysis,105.04527317001,2
<6H+6C+N+2O>,Transfer reaction,124.03985343695,2
<5H+3C+N-O>,Redox reaction,39.04728454600999,2
<5H+4C+N+2O>,Hydrolysis,99.03202840472,2
<5H+5C+5N-O>,Redox reaction,119.05958056373,2
<6H+4C>,Others,54.04695019338,2
<5H+5C+N+O>,Lytic reaction,95.03711378515,2
<4H+11C-3O-2P>,Others,26.099032273370007,2
<4C+8O>,Lytic reaction,175.95931695656,2
<30H+15C-O>,Transfer reaction,194.23983634733,2
<48H+30C+26O>,Others,824.24338165586,2
<34H+21C+2O>,Redox reaction,318.25588033496,2
<8H+5C+2N+2O+S>,Hydrolysis,160.03064868024,2
<34H+24C+2O>,Others,354.25588033496,2
<34H+25C+O>,Redox reaction,350.26096571539,2
<34H+29C+5N+17O+P>,Ligation reaction,755.16873164908,2
<35H+21C+7N+15O+3P+S>,Transfer reaction,750.1124706222698,2
<35H+23C+N+4O+S>,Transfer reaction,421.22867978516,2
<36H+20C+O>,Hydrolysis,292.27661577985003,2
<36H+23C+3O>,Others,360.26644501899,2
<36H+27C-O>,Others,344.28678654071,2
<38H+19C-2O>,Transfer reaction,234.3075219856,2
<38H+22C+O>,Hydrolysis,318.29226584431,2
<8H+4C-2O>,Others,24.072771018700003,2
<8H+4C+4O>,Others,120.04225873612,2
<38H+27C+3O>,Others,410.28209508345,2
<34H+18C+2O>,Others,282.25588033496,2
<8H+5C+3N-2O>,Transfer reaction,78.08199303199001,2
<32H+20C+O>,Hydrolysis,288.24531565093,2
<8H+7C+O>,Redox reaction,108.05751487741,2
<30H+16C+7N+15O+3P+S>,Transfer reaction,685.0733454611199,2
<30H+17C>,Others,234.2347509669,2
<8H+8C+3O>,Redox reaction,152.04734411655,2
<8H+8C+2N>,Redox reaction,132.0687482667,2
<30H+19C+7N+15O+3P+S>,Others,721.0733454611199,2
<8H+8C+2N-O>,Lytic reaction,116.07383364713,2
<30H+22C+2O>,Others,326.22458020604,2
<32H+19C-2O>,Transfer reaction,228.26057179222,2
<30H+22C+3O>,Others,342.21949482561,2
<8H+6C+N+S>,Hydrolysis,126.03774543667,2
<32H+16C+O>,Lytic reaction,240.24531565093,2
<32H+17C+2O>,Others,268.24023027050004,2
<32H+18C+4N+6O>,Others,400.2321847665,2
<8H+6C+2O>,Others,112.05242949698,2
<8H+4C+2O>,Transfer reaction,88.05242949698001,2
<3H+2C+N+2O>,Redox reaction,73.01637834025999,2
<3H+3C+5O+P>,Others,149.97181019296,2
<40H+25C+7O>,Others,452.27740362619,2
<8H+10C+2N+S>,Others,188.0408194411,2
<3O+Se>,Others,127.90126565871,2
<40H+22C+3O>,Others,352.29774514790995,2
<40H+22C+O>,Hydrolysis,320.30791590877,2
<88H+57C+46O>,Others,1508.45467533646,2
<40H+24C+7N+17O+3P+S>,Lytic reaction,823.1414250225599,2
<40H+26C>,Others,352.3130012892,2
<8H+10C+O>,Transfer reaction,144.05751487741,2
<42H+22C+2O>,Others,338.31848059280003,2
<43H+30C+6N+15O+P>,Lytic reaction,758.25240170444,2
<44H+24C+O>,Hydrolysis,348.33921603769,2
<44H+26C+N+23O+P>,Others,769.20417367108,2
<80H+49C+14N+23O>,Others,1232.55207489053,2
<47H+28C+6N+16O+P>,Others,754.2786164529299,2
<8H+10C+4O>,Redox reaction,192.04225873612,2
<8H+11C+2N+4O+S>,Redox reaction,264.02047791938,2
<6H+14C+2N>,Others,202.05309820224,2
<8H+12C+3O>,Transfer reaction,200.04734411655,2
<3H+3C-P>,Others,8.04971309827,2
<3H+4C+3N>,Hydrolysis,93.03269710998,2
<3H+4C+N+2O>,Hydrolysis,97.01637834026,2
<3H+5C+5N>,Transfer reaction,133.03884511884,2
<8H+15C+5O>,Others,268.03717335569,2
<3H+5C+N>,Lytic reaction,77.02654910112,2
<3H+6C+N-O>,Others,73.03163448155001,2
<3H+N-O+S>,Lytic reaction,33.00370565595,2
<3H+6C+O+Br>,Others,169.93672731626,2
<3H+7C+N+2O>,Redox reaction,133.01637834026002,2
<3H+7C+O+Cl>,Hydrolysis,137.98724239826,2
<3H+9O+3P>,Hydrolysis,239.89899266808,2
<8H+11C+3O>,Redox reaction,188.04734411655,2
<8H+11C+2O>,Others,172.05242949697998,2
<4H+C+5O>,Others,96.00587322677,2
<Se>,Others,79.9165218,2
<10H+15C+5O>,Others,270.05282342015,2
<11H+5C+N+O>,Redox reaction,101.08406397853,2
<13H+7C+N+O+S>,Others,159.07178521739002,2
<11H+6C+N+10O+2S>,Hydrolysis,320.98243790346,2
<-8H-9C+7N+12O+3P+S>,Others,298.79125037767,2
<14H+8C+2N+4O>,Hydrolysis,202.09535693836,2
<16H+9C+N+7O+P>,Ligation reaction,281.06643885552,2
<16H+9C+3O>,Others,172.10994437439,2
<16H+9C+2O>,Others,156.11502975482,2
<13H+8C+N+6O>,Others,219.07428714084,2
<13H+7C+N+4O>,Others,175.0844579017,2
<-H+C+2O>,Lytic reaction,42.98200420691,2
<13H+8C+N+O>,Others,139.09971404299,2
<11H+4C+2N+2O+P+2Cl>,Others,219.99351996495,2
<11H+14C+3N>,Others,221.09529736782,2
<-H+C+N>,Others,24.9952489722,2
<14H+10C+3O>,Redox reaction,182.09429430993,2
<-H+F>,Others,17.9905781305,2
<13H+7C+N+5O>,Others,191.07937252127,2
<-6H-8C+7N+9O+3P+S>,Others,264.82215658342,2
<18H+11C+2N+6O>,Others,274.11648630642003,2
<-5H-C-N+2O>,Others,0.9476300735599992,2
<-4H-8C+7N+10O+3P+S>,Others,282.83272126745,2
<11H+9C+N+O>,Others,149.08406397853,2
<12H+9C+3O>,Redox reaction,168.07864424547,2
<12H+9C+4O>,Others,184.07355886504,2
<11H+9C+5N+O>,Transfer reaction,205.09635999625,2
<13H+10C+2N+7O+P>,Transfer reaction,304.04603776326,2
<13H+10C+5N+10O+2P>,Hydrolysis,425.01376563368,2
<11H+8C+N>,Others,121.08914935896,2
<17H+10C+2N+7O+P>,Transfer reaction,308.07733789218,2
<13H+5C+N+3O+P>,Transfer reaction,166.06330528055005,2
<11H+7C+N+O>,Others,125.08406397853,2
<13H+6C+14O+3P>,Others,401.95181608823,2
<17H+11C+N+7O>,Hydrolysis,275.10050188933,2
<13H+6C+N+4O>,Others,163.0844579017,2
<17H+10C+N+5O>,Others,231.11067265019,2
<11H+6C+N+O+S>,Others,145.05613515292998,2
<11H+10C+4N+7O+P>,Hydrolysis,330.03653570766,2
<-H-2O+3Cl>,Hydrolysis,71.90890377462998,2
<-H-2O+Cl>,Redox reaction,1.9711984106299951,2
<14H+6C+4N+O>,Redox reaction,158.11676108851,2
<15H+10C+N+6O>,Hydrolysis,245.0899372053,2
<14H+18C+2N+7O>,Others,370.08010079707,2
<10H+7C+2O>,Others,126.06807956144,2
<10H+13C+3O>,Ligation reaction,214.06299418101,2
<10H+7C+2N+3O>,Hydrolysis,170.06914218986998,2
<14H+18C+N+O+F>,Redox reaction,279.10594223795,2
<14H+9C+3N+3O>,Redox reaction,212.10351632322,2
<10H+6C+7O+S>,Others,226.01472383369003,2
<16H+15C+7O>,Others,308.08960285267,2
<10H+15C+6O>,Others,286.04773803972,2
<14H+8C+N+7O+P>,Others,267.05078879106003,2
<10H+16C+7O>,Others,314.04265265929,2
<10H+6C+3O+S>,Transfer reaction,162.03506535540998,2
<10H+6C+2O+S>,Transfer reaction,146.04015073583997,2
<14H+7C-O>,Others,82.11463583165,2
<10H+5C+7O+P>,Transfer reaction,213.01641465771,2
<10H+11C+2O>,Others,174.06807956144,2
<15H+10C+N-O>,Others,133.12553486830998,2
<10H+10C+4O>,Others,194.05790880058,2
<10H+10C+4N+3O>,Others,234.07529019873,2
<14H+11C+3O>,Others,194.09429430993,2
<111H+72C+9N+45O>,Others,1821.66740249805,2
<16H+11C+2N+7O>,Others,288.09575086153,2
<-H-C-2O+Br>,Others,33.92068332863,2
<16H+10C+8O>,Hydrolysis,264.08451747224,2
<16H+10C+4N+3O>,Others,240.12224039211,2
<16H+10C+3N+6O+S-Br>,Transfer reaction,227.15764382079,2
<16H+10C+2N+4O>,Hydrolysis,228.11100700282003,2
<-N+4O+P>,Others,80.95034647227,2
<15H+9C+N+4O>,Hydrolysis,201.10010796616,2
<-O+2Cl>,Lytic reaction,53.94279074443,2
<15H+8C+N+O+S>,Others,173.08743528185,2
<15H+8C+N+6O>,Lytic reaction,221.08993720530003,2
<15H+8C+2N+6O+P>,Others,266.06677320815,2
<14H+14C+6O>,Hydrolysis,278.07903816864,2
<17H+9C+N+O+S>,Others,187.10308534631,2
<10H+5C+5O>,Lytic reaction,150.05282342015,2
<12H+8C+2O>,Others,140.0837296259,2
<12H+18C+6O>,Others,324.06338810418004,2
<12H+8C+2N+3O>,Hydrolysis,184.08479225433,2
<-3H+Cl>,Redox reaction,31.94537758531,2
<19H+10C+N+O+S>,Others,201.11873541077,2
<12H+8C+2N+4O+S>,Ligation reaction,232.05177804830004,2
<-2H+2Cl>,Others,67.92205529953999,2
<12H+12C+2O>,Ligation reaction,188.0837296259,2
<12H+11C+N-P>,Others,127.12321239277,2
<-2H+2N>,Others,25.9904979444,2
<12H+6C+O>,Others,100.08881500633,2
<-3H+C+2O+3I>,Others,421.67976984245,2
<12H+20C+O>,Transfer reaction,268.08881500633,2
<12H+7C+2O>,Others,128.0837296259,2
<-2H-2N+2O>,Ligation reaction,1.9680311658200007,2
<-2H-C-2O+2Br>,Others,111.8311958964,2
<12H+11C+O>,Others,160.08881500633,2
<18H+12C+O>,Others,178.13576519971002,2
<-10H-9C+7N+11O+3P+S>,Others,280.78068569364,2
<12H+11C+5N+8O+P>,Transfer reaction,373.04234936389,2
<12H+7C-2O>,Others,64.10407114762,2
<12H+5C+2N+O+P+Cl>,Redox reaction,182.03757769561,2
<12H+16C+6O>,Others,300.06338810418004,2
<66H+33C-O>,Others,446.52153750761,1
<10H+8C+O-2P>,Others,60.12564094502999,1
<65H+40C+8N+24O+P>,Others,1072.3849319984902,1
<6H+11C+4O>,Others,202.02660867166003,1
<6H+11C+3O>,Hydrolysis,186.03169405209,1
<12H+16C+2N+3O>,Others,280.08479225433,1
<4H+6C-O>,Others,60.03638550935,1
<10H+8C+O>,Redox reaction,122.07316494187,1
<6H+10C-3O-2P>,Others,16.114682337829997,1
<10H+9C+2O>,Redox reaction,150.06807956144,1
<10H+8C-2O>,Redox reaction,74.08842108316,1
<6H+10C+2N+4O>,Others,218.03275668052,1
<66H+34C+O>,Others,490.51136674675,1
<10H+9C+3O>,Redox reaction,166.06299418101,1
<12H+16C+5O>,Hydrolysis,284.06847348461,1
<6H+10C+3O>,Others,174.03169405209002,1
<6H+10C+2O>,Hydrolysis,158.03677943252,1
<69H+43C-O-P>,Others,538.5712506058801,1
<65H+34C+2N+10O+P>,Others,692.43768329793,1
<69H+54C+10N+32O+P>,Others,1400.38169709283,1
<4H+6O+2P>,Others,161.94831184318,1
<6C+2O>,Redox reaction,103.98982923914,1
<4H+7C+2O+4Cl>,Others,259.89654009606,1
<64H+43C+33O>,Others,1108.33298450853,1
<4H+7C+4O+S>,Others,183.9830297816,1
<60H+36C+30O>,Hydrolysis,972.3169405209,1
<12H+15C+6O>,Others,288.06338810418004,1
<61H+42C+9N+8O+2S>,Others,883.40845231126,1
<61H+38C+N+31O>,Others,1027.32275417713,1
<60H+41C+12N+10O>,Hydrolysis,880.4555361826599,1
<60H+39C+11O>,Hydrolysis,704.41356274907,1
<60H+39C+10O>,Hydrolysis,688.4186481295,1
<12H+14C+6N+2O>,Ligation reaction,296.10217365248,1
<64H+60C+28O>,Others,1232.35841141068,1
<60H+32C+N+11O+P>,Others,665.39039875192,1
<60H+32C+3O>,Others,492.4542457925101,1
<118H+59C+N+13O+P>,Others,1079.8340798604002,1
<12H+13C+3O>,Others,216.07864424547,1
<60H+28C-3O>,Others,348.48475807509,1
<11H+10C+3N+S>,Lytic reaction,205.06736854222004,1
<62H+29C-3O>,Others,362.50040813955,1
<62H+31C-O>,Others,418.49023737869,1
<62H+32C+O>,Others,462.48006661783,1
<62H+36C+25O>,Others,894.35801748751,1
<4H+7C+O+2Cl>,Others,173.96392011248997,1
<4H+7C+6O>,Others,184.00078784634,1
<64H+32C>,Others,448.50080206272,1
<111H+65C-N+14O+2P>,Others,1163.74183324392,1
<64H+34C+N+11O+P>,Hydrolysis,693.4216988808399,1
<64H+36C+4N+6O>,Others,648.4825857978601,1
<64H+39C+8N+19O>,Others,948.42877186999,1
<12H+15C+7O>,Others,304.05830272375,1
<64H+39C-2O>,Others,500.51097282358,1
<10H>,Redox reaction,10.0782503223,1
<10H+9C>,Others,118.0782503223,1
<10H+9C+4O>,Others,182.05790880058,1
<12H+17C+7O>,Transfer reaction,328.05830272375,1
<6H+12C-2O-2P>,Others,56.10959695740002,1
<50H+32C+2N+21O>,Others,798.2906066313301,1
<6H+13C+2N+3O>,Others,238.03784206095003,1
<6H+13C+2N+4O>,Redox reaction,254.03275668052004,1
<6H+6C+2N+2O>,Lytic reaction,138.04292744138,1
<6H+5C>,Others,66.04695019338,1
<4H+5C-O>,Others,48.03638550935,1
<10H+6C+4N+O>,Others,154.08546095959,1
<6H+5C+N-P>,Others,49.07626219939,1
<10H+6C+5N-O+Cl>,Redox reaction,171.06755840687998,1
<4H+5C>,Transfer reaction,64.03130012892,1
<10H+6C+7O>,Others,194.04265265929,1
<6H+5C+2N+O>,Others,110.04801282181,1
<6H+5C+2N+2O>,Others,126.04292744138,1
<10H+6C+N+4O+P>,Others,191.03474480343,1
<6H+4C-O>,Others,38.05203557381,1
<6H+4C-3N+3O+P>,Others,90.99623403722,1
<10H+6C+N+7O+P>,Transfer reaction,239.01948866214,1
<6H+4C+O+S>,Ligation reaction,102.01393598735,1
<4H+5C+O>,Transfer reaction,80.02621474848999,1
<4H+5C+N>,Others,78.03437413335,1
<6H+6C+2N-2O-P>,Others,43.08950696468,1
<10H+5C+N+6O+P>,Ligation reaction,211.02457404257,1
<6H+8C-O>,Others,86.05203557381,1
<10H+5C+N+2O+S-Cl>,Others,113.07437205826996,1
<10H+5C+N+2O-F+S>,Others,129.04482157754,1
<10H+5C+N+4O+P>,Others,179.03474480343,1
<6H+7C+S>,Others,122.01902136778,1
<10H+5C+N+5O+P>,Others,195.029659423,1
<10H+5C+N-3O-P>,Others,5.122818469599995,1
<4H+5C+7N+13O+3P+S>,Others,494.880065384,1
<6H+6C+O>,Others,94.04186481295,1
<10H+5C>,Others,70.0782503223,1
<10H+6C+2N+4O>,Others,174.06405680944,1
<10H+6C+2N+O>,Hydrolysis,126.07931295073,1
<12H+21C+12O>,Others,456.0328758216,1
<10H+6C+3N+5O+P>,Others,235.03580743186,1
<6H+4C+N-2O-P>,Ligation reaction,5.086432960250004,1
<6H+4C+N+2O-S>,Transfer reaction,68.06778226255001,1
<6H+4C+7N+14O+3P+S>,Transfer reaction,500.89063006803,1
<6H+2C+3O+2S>,Lytic reaction,141.97583640089,1
<6H+2N-O>,Others,18.05818358267,1
<6H+2C>,Others,30.04695019338,1
<6H+2C+S>,Lytic reaction,62.01902136778,1
<10H+8C+2N>,Others,134.08439833116,1
<10H+8C+2O>,Others,138.06807956144,1
<6H+2C+N+2O+P>,Transfer reaction,107.01361543537,1
<6H+2C+2S>,Others,93.99109254218,1
<4H+6C+N+5O+P>,Others,200.98270922962,1
<12H+18C+4O>,Transfer reaction,292.07355886504,1
<6H+15C+3O>,Others,234.03169405209,1
<4H+6C+O+2I>,Redox reaction,345.83515854849,1
<5H-N+O>,Others,7.030965776290001,1
<10H+8C+4O>,Others,170.05790880057998,1
<6H+13C+2N-3O-2P>,Others,80.12083034669001,1
<10H+8C+2N+S>,Lytic reaction,166.05646950556002,1
<10H+8C+2N+O+S>,Lytic reaction,182.05138412513003,1
<4H+6C+2N+O>,Hydrolysis,120.03236275735,1
<10H+7C+3O>,Transfer reaction,142.06299418101,1
<10H+6C+N+O-P>,Others,81.10247694787999,1
<10H+7C+2N+2S>,Others,186.02854067996,1
<4H+6C+2N-3O-P>,Others,25.078942280649983,1
<6H+4C+2O+S>,Others,118.00885060692,1
<6H+4C+2N+3O>,Others,130.03784206095,1
<4H+6C+2N>,Hydrolysis,104.03744813778,1
<10H+7C+4N-O>,Others,134.09563172044997,1
<12H+18C+7O>,Hydrolysis,340.05830272375,1
<6H+3C+O+S>,Others,90.01393598735,1
<6H+3C+N+4O+P>,Others,151.00344467451,1
<10H+7C+5O>,Hydrolysis,174.05282342015,1
<6H+3C+6O+2P>,Lytic reaction,199.96396190764,1
<10H+7C+7N+15O+3P+S>,Transfer reaction,556.9168448165199,1
<10H+8C+2N+6O>,Others,230.05388604858,1
<12H+12C-3O-2P>,Others,46.16163253121,1
<11H+10C+4N+8O+P>,Hydrolysis,346.03145032723,1
<12H+12C+O>,Others,172.08881500633,1
<58H+37C+8N+24O+2P>,Hydrolysis,1060.3039187713,1
<59H+37C+N+30O>,Others,997.3121894931,1
<50H+24C+N+5O+P>,Others,463.3426607122,1
<59H+36C+3N+24O>,Others,917.34884978454,1
<59H+36C+27O-P>,Others,892.3506096315401,1
<11H+9C+3N+7O+P>,Transfer reaction,304.03346170323,1
<58H+38C+8N+26O+2P>,Hydrolysis,1104.29374801044,1
<58H+36C+28O>,Others,938.3114612173,1
<5H+10C+2N+Cl>,Others,188.01412585201,1
<58H+30C+O>,Others,434.44876648891,1
<58H+29C-O>,Others,390.45893724977,1
<50H+25C-O>,Others,334.39633699193,1
<12H+10C+5N+3O>,Others,250.09401426762,1
<57H+34C+2N+27O+P>,Others,956.28863157278,1
<11H+9C+N+2O>,Others,165.07897859809998,1
<5C+N+3Cl>,Others,178.90963205043,1
<5H+10C+N+2O>,Others,171.03202840472,1
<11H+9C+N+3O>,Ligation reaction,181.07389321767,1
<11H+9C+3N+4O>,Others,225.0749558461,1
<11H+8C+N+O>,Others,137.08406397853,1
<11H+8C+N-2P>,Others,59.14162536212,1
<5H+2C+N-O+S>,Hydrolysis,59.019355720410005,1
<4O+S>,Others,95.95172965268,1
<11H+9C+3N+2O>,Others,193.08512660696,1
<12H+10C+5N+4O+P>,Others,297.06269088561,1
<5H+2C+6O+P>,Others,155.98237487699,1
<5H+10C+N>,Others,139.04219916558,1
<5H+2C+5O+P>,Others,139.98746025742,1
<5H+2C+4O+P>,Lytic reaction,123.99254563785,1
<5H+2C+2O+P+S>,Others,123.97478757311,1
<5H+11C+N+O>,Others,167.03711378515,1
<5H+11C+N+2O>,Others,183.03202840472,1
<5H+10O+3P>,Lytic reaction,257.90955735211,1
<56H+34C-2O>,Others,432.44837256574,1
<50H+27C+3O>,Others,422.37599547021,1
<5H+N-O>,Others,3.047284546010001,1
<50H+31C+2N+23O>,Others,818.28043587047,1
<124H+66C+2N+21O+2P>,Others,1342.8171830131898,1
<52H+28C+N+11O+P>,Others,609.32779849408,1
<52H+28C+3O>,Others,436.39164553467,1
<52H+27C+O>,Others,392.40181629553,1
<52H+26C+N+6O+P>,Others,505.35322539623,1
<52H+25C-O>,Others,336.41198705639,1
<51H+33C+3N+21O>,Others,825.30150566799,1
<122H+69C+8O>,Others,1078.91397088862,1
<51H+32C+N+26O>,Others,865.26993075698,1
<12H+10C+2O>,Ligation reaction,164.0837296259,1
<51H+30C+15N+12O>,Others,813.38416214502,1
<51H+28C+N+9O>,Hydrolysis,545.35638222429,1
<12H+10C+3O>,Others,180.07864424547,1
<51H+27C+11O+P>,Others,582.3168994574199,1
<52H+32C+23O>,Others,804.28993792607,1
<12H+10C+4O>,Redox reaction,196.07355886504,1
<50H+29C+20O>,Others,718.2895440029,1
<54H+27C-O>,Others,362.42763712085,1
<11H+9C+N-O>,Others,117.09423473939,1
<56H+34C+2N+21O>,Others,828.33755682471,1
<55H+34C+3N+20O>,Others,825.33789117734,1
<54H+35C+2N+25O>,Others,902.30156523853,1
<54H+28C+O>,Others,406.41746635999,1
<54H+28C+2O>,Others,422.41238097956,1
<54H+26C+N+5O+P>,Others,491.37396084112,1
<52H+34C+28O>,Others,908.26451102392,1
<120H+74C+2N+18O+2P>,Others,1386.80113902556,1
<53H+34C+7N+23O+2P>,Ligation reaction,989.26680498615,1
<120H+75C>,Others,1020.9390038676,1
<53H+32C+N+21O>,Others,787.31100772359,1
<52H+35C+29O>,Others,936.25942564349,1
<52H+34C+2N+27O>,Others,920.27574441321,1
<5H+2C+O>,Lytic reaction,45.03403978072,1
<11H+8C+N+3O+S>,Others,201.04596439207,1
<11H+8C+5N+2O>,Redox reaction,209.09127461582,1
<5H+6C+N-2O>,Others,59.05236992644,1
<11H+12C+4O>,Others,219.06573383281,1
<11H+12C+N+2O>,Others,201.0789785981,1
<5H+6C+O+I>,Redox reaction,219.93851168072,1
<4H+9C+N+3O+Cl>,Others,208.98797067406,1
<12H+12C+N+9O+P+S>,Others,376.99703914014,1
<11H+4C+N+2O>,Lytic reaction,105.0789785981,1
<5H+6C+N+O>,Others,107.03711378515,1
<5H+7C+N-3O>,Others,55.05745530687,1
<5H+6C+Cl>,Redox reaction,112.00797784315,1
<5H+6C+5N-O>,Hydrolysis,131.05958056372998,1
<5H+6C+4N+O>,Hydrolysis,149.04633579844,1
<12H+12C+N+10O+P>,Others,361.01988258531,1
<11H+5C+8O+P>,Lytic reaction,230.01915430951,1
<12H+12C+10O>,Hydrolysis,316.04304658246,1
<11H+12C+4N+7O+P>,Others,354.03653570766,1
<5H+8C+N+2O>,Hydrolysis,147.03202840472,1
<12H+10C+5N+5O+P+2S>,Others,377.00174785398,1
<5H+C+N-O+S>,Lytic reaction,47.019355720410005,1
<4H+9C+2N+O>,Others,156.03236275735,1
<5H+N+O>,Others,35.03711378515,1
<5H+C>,Transfer reaction,17.03912516115,1
<5H+C+N>,Lytic reaction,31.04219916558,1
<50H+43C+4N+15O>,Transfer reaction,862.32726692277,1
<11H+10C+5N+6O+P>,Others,328.04469509252004,1
<5H+C+3N>,Others,59.04834717444,1
<5H+8C+N+O>,Hydrolysis,131.03711378515,1
<4H+9C+2O>,Others,144.02112936806,1
<5H+C+3N-O>,Others,43.05343255487,1
<11H+10C+5N-O>,Others,185.10653075711,1
<11H+10C+5N>,Others,201.10144537668,1
<11H+10C+N+O>,Others,161.08406397853005,1
<11H+11C+N+O>,Others,173.08406397853005,1
<5H+6C+3N+2O>,Others,151.03817641358,1
<5H+6C+2O+Cl>,Others,143.99780708229,1
<4H+C+8O+2P>,Hydrolysis,205.93814108232,1
<11H+7C+5N+O>,Others,181.09635999625,1
<5H+4C+3O>,Others,101.02386901986,1
<5H+4C+2O+Cl>,Others,119.99780708229,1
<5H+3C+O>,Others,57.03403978071999,1
<11H+6C+N-O>,Hydrolysis,81.09423473939,1
<11H+7C+3N+4O>,Others,201.0749558461,1
<11H+7C+3O-P>,Others,112.09705721481998,1
<12H+11C+2N+O-P>,Others,157.12120101677002,1
<11H+5C+N>,Others,85.08914935896,1
<4H+N-O>,Others,2.039459513779999,1
<12H+10C+O>,Ligation reaction,148.08881500633,1
<11H+7C+7O+P>,Transfer reaction,238.02423968994,1
<11H+7C+N+3O>,Hydrolysis,157.07389321767,1
<5H+3C+N+2O+Se>,Others,166.94855020472,1
<12H+10C+6N+2O>,Others,248.10217365248,1
<5H+4C+N+2O+2S>,Others,162.97617075352,1
<12H+11C+3O>,Hydrolysis,192.07864424547,1
<11H+6C+N+7O+S>,Others,241.02562287035,1
<11H+6C+N+2S>,Others,161.03329170776,1
<5H+4C+N-O>,Others,51.047284546010005,1
<5H+4C+N>,Hydrolysis,67.04219916558,1
<5H+4C-3N>,Others,11.029903147859995,1
<5H+5C+2N+5O+P>,Others,203.99360826628,1
<4H+C-O+S>,Redox reaction,32.00845668375,1
<5H+5C+3O+Cl>,Others,147.99272170186,1
<4H+C-N+5O+P>,Transfer reaction,112.97656122076,1
<12H+11C+6O>,Lytic reaction,240.06338810418,1
<5H+5C+N+2O>,Others,111.03202840472,1
<12H+11C+N+8O+P>,Others,317.03005334617,1
<5H+5C+N+3O>,Hydrolysis,127.02694302429,1
<11H+6C+5O>,Transfer reaction,163.06064845238,1
<5H+5C-N+O>,Others,67.03096577629,1
<11H+6C+6O+P>,Ligation reaction,210.02932507037,1
<19H+12C+4N+4O+S>,Hydrolysis,315.11270128277,1
<6H+9C+2N+O>,Others,158.04801282181,1
<96H+60C>,Others,816.75120309408,1
<9H+5C+3N+3O>,Others,159.06439116207002,1
<-4H-C+2O>,Transfer reaction,15.95852911022,1
<9H+4C+N-O>,Others,55.07858467493,1
<-4H-C+3O>,Others,31.953443729790003,1
<9H+4C+N+O>,Redox reaction,87.06841391406999,1
<9H+4C+N+3O>,Others,119.05824315321,1
<9H+4C+N+2O+S>,Lytic reaction,135.03539970804002,1
<9H+4C+7O+P>,Lytic reaction,200.00858962548,1
<9H+4C+6O+P>,Lytic reaction,184.01367500591,1
<9H+4C+3O+P>,Hydrolysis,136.0289311472,1
<-5C-2N+3O+2P>,Others,21.926119846690007,1
<-5C-4N+5O+2P>,Others,25.909801076970005,1
<-5C-4N+6O+2P>,Others,41.904715696540016,1
<9H+10C+N>,Ligation reaction,143.0734992945,1
<-5H-10C-N+6O+2P>,Others,18.874812548680005,1
<9H+10C+4O+I>,Others,319.95455566835005,1
<98H+60C+N+6O+P>,Hydrolysis,959.71317687881,1
<9H+5C+3N+O>,Others,127.07456192293,1
<9H+5C+6O+P>,Others,196.01367500591,1
<-4H-8C+3O+2P>,Others,9.900967726630007,1
<9H+5C+O-P>,Others,54.09157791122,1
<-4H+3O>,Others,43.95344372979,1
<-4H+4O>,Others,59.94835834936,1
<9H+6C+5O>,Others,161.04499838792,1
<9H+6C+3O-P>,Others,98.08140715036,1
<9H+6C+3N+3O>,Others,171.06439116207002,1
<-4H+6O>,Others,91.9381875885,1
<9H+5C-P>,Others,38.09666329165,1
<-4H+7N+12O+3P+S>,Others,410.82255050659,1
<-4H-5C+2O+2P>,Others,29.906053107060004,1
<9H+5C+N-O>,Others,67.07858467493001,1
<-4H-11C-2N+7O+2P>,Others,9.874478196049983,1
<-4H-2C+2O>,Others,3.958529110219999,1
<-4H-2C-N+3O+P>,Others,36.92413172378001,1
<-4H-2C-N+4O+P>,Others,52.91904634335,1
<9H+5C+N+2S>,Others,147.0176416433,1
<-4H-4C+3N+4O+P>,Others,84.93134236107,1
<98H+52C+O>,Others,738.76176777811,1
<96H+59C-2O>,Others,772.76137385494,1
<-8H-4C-N+3O+P>,Others,8.892831594859995,1
<96H+52C-5O-2P>,Others,578.82910599939,1
<8H+7C>,Lytic reaction,92.06260025784,1
<-6H+O>,Others,9.94796442619,1
<8H+7C+N+5O+P+S>,Others,248.98608053294004,1
<8H+7C+5N+4O+P>,Transfer reaction,257.03139075669,1
<-6H-11C+5O+2P>,Others,3.875146901309982,1
<8H+7C+4N+O>,Redox reaction,164.06981089513002,1
<8H+7C+2O>,Others,124.05242949698,1
<8H+6C>,Others,80.06260025784,1
<-6H-2C+2N+2P>,Others,59.90672181232,1
<-6H-3C-N+3O+P>,Others,22.908481659320007,1
<-6H-3C-N+4O+P>,Others,38.90339627889,1
<-6H-8C+7N+12O+3P+S>,Others,312.80690044213003,1
<8H+6C+4N+O>,Hydrolysis,152.06981089513002,1
<8H+6C+3O>,Ligation reaction,128.04734411655,1
<-7H-2C+2O>,Others,0.9350540135299994,1
<8H+6C+2N+4O>,Others,172.04840674498,1
<-8H+2O>,Others,23.9272289813,1
<8H+8C+2N+3O>,Others,180.05349212541,1
<-6H+5C+15O>,Others,293.87676910017,1
<-6H+3O>,Others,41.937793665330005,1
<8H+9C+3O>,Others,164.04734411655,1
<94H+59C+10N+33O>,Others,1470.59847551973,1
<94H+55C+40O>,Others,1394.53213781242,1
<-5H-4C+3N+O>,Others,4.965011471710003,1
<8H+9C>,Others,116.06260025784,1
<-5H-5C-N+2O+2P>,Others,14.895154070399997,1
<8H+9C+N+O+S+Br>,Others,256.95099765624,1
<8H+9C+N+4O>,Others,194.04533274055,1
<-5H-5C-N+3O+2P>,Others,30.89006868997,1
<8H+8C+2O>,Lytic reaction,136.05242949698,1
<8H+8C-O>,Others,88.06768563827,1
<8H+8C+S>,Others,136.03467143224,1
<-6H+2C+7O>,Others,129.91745214361,1
<8H+8C+O+2Cl>,Hydrolysis,189.99522024141,1
<8H+8C+N+O>,Others,134.06058888184,1
<8H+8C+N+5O+P>,Others,229.01400935854,1
<-6H+2O>,Others,25.94287904576,1
<-4H+3N-2O>,Others,5.988092645229997,1
<-4C-2N+5O+2P>,Others,65.91594908583,1
<9H+6C+N+O>,Others,111.06841391407,1
<9H+6C+N-3O>,Others,47.088755435790006,1
<-2H+C-N+5O>,Transfer reaction,75.95584902896,1
<-2H+S>,Transfer reaction,29.95642110994,1
<H+C-N+3O+2S>,Transfer reaction,110.93363723531,1
<-2H-10C+5O+2P>,Transfer reaction,19.90644703022999,1
<-2H-2C+O+2S>,Transfer reaction,53.92340690391,1
<-2H-2C-2O+Se>,Others,21.9110424964,1
<H+C+N-O>,Others,11.01598441709,1
<H+C+4O+P>,Others,107.96124550893,1
<-2H-3C+3O>,Others,9.969093794250009,1
<H+C+2O+F>,Redox reaction,63.9960574341,1
<-2H-4C-2N+5O+2P>,Others,63.90029902137,1
<-2H-4C-4N+6O+2P>,Others,51.88906563208001,1
<H+B+O>,Others,28.0120450118,1
<H+7C+N+3O>,Redox reaction,146.99564289537,1
<H+6O+2P>,Others,158.92483674649,1
<H+6C+N+O>,Redox reaction,103.00581365623,1
<H+6C+2O+3Cl>,Others,209.90421231737,1
<-2H+C+O+2Cl>,Others,95.91696991911,1
<-2H+C+3O>,Others,57.96909379425,1
<-2H+C+2O>,Redox reaction,41.97417917468,1
<H-N+7O+2P>,Transfer reaction,160.91667736163,1
<-12H-10C+7N+11O+3P+S>,Others,266.76503562918003,1
<-14H-5C+2N+6O+2P>,Others,111.8136092719,1
<N+O>,Redox reaction,29.997988624,1
<-2C-N+O+P>,Transfer reaction,8.965602613560002,1
<-2H+2C>,Others,21.98434993554,1
<H-O+Br>,Redox reaction,63.93124801266,1
<H-N+O>,Redox reaction,2.9996656473700014,1
<H-C-N+S>,Lytic reaction,6.976822202200001,1
<-2H+C+2Cl>,Others,79.92205529953999,1
<-2H+2I>,Redox reaction,251.79329373554,1
<H-C+N-2O+S>,Transfer reaction,2.993140971919999,1
<H-4C+2N+O+P>,Transfer reaction,27.98264965908,1
<H-2C-2N+4O+P>,Others,43.95509750007,1
<H+P-S>,Others,0.0095158562499975,1
<-2H+5O>,Others,77.95892303339,1
<-2H+6O>,Others,93.95383765296,1
<H+5O+P>,Others,111.9561601285,1
<H+5C+N+3O>,Others,122.99564289537,1
<H+5C+4N-O-P>,Others,70.05144443196001,1
<-3H-3C+3N>,Others,2.9857469166,1
<C+2N-O>,Hydrolysis,24.011233389289995,1
<-3H+O>,Redox reaction,12.97143952288,1
<-3H-2C+3O+P>,Others,51.93503076044,1
<-3H-2C+5N>,Others,42.99189492546,1
<-3H-2C+7N+9O+2P+S>,Others,308.87186968169,1
<-3H-2C-N+5O>,Others,38.94802399673,1
<-3H-3C+3N+O>,Others,18.98066153617,1
<9H+8C+N+2O>,Others,151.06332853364,1
<C+7N+14O+3P+S>,Others,458.8436798746501,1
<9H+7C+O-P>,Others,78.09157791122,1
<9H+7C+N>,Lytic reaction,107.0734992945,1
<-3H-3C+O+P>,Others,7.9452015213,1
<9H+7C+3N+O>,Hydrolysis,151.07456192293,1
<-3H-3N+3O>,Others,2.9520467487300053,1
<-3H-6C-N+7O+2P>,Others,84.88537723271,1
<-3H-8C-N+7O+2P>,Others,60.88537723270999,1
<C+6O+2P>,Hydrolysis,169.91701171426,1
<-3H+3C+6N+14O+3P+S>,Others,465.8171307735301,1
<-2H-5C-2N+5O+2P>,Others,51.90029902137,1
<H+3C+6N+14O+3P+S>,Others,469.8484309024501,1
<H+5C+4N-2O-P>,Others,54.05652981239001,1
<-2H-6C+6O+2P>,Others,83.90136164980001,1
<H+4O+P-S>,Transfer reaction,63.989174334530006,1
<-2H-6C-2N+6O+2P>,Others,55.89521364094001,1
<-2H-6C-N+5O+2P>,Others,53.90337302579999,1
<-2H-9C+4O+2P>,Others,15.911532410659994,1
<H+3C+N-O>,Others,35.01598441709,1
<-2H-C+2O>,Others,17.97417917468,1
<-3H+2C+7N+9O+2P+S>,Others,356.87186968169004,1
<-2H-O+S>,Others,13.96150649037,1
<H+2O+P>,Lytic reaction,63.97141626979,1
<H+2C+O>,Transfer reaction,41.0027396518,1
<H+2C+O+F>,Hydrolysis,60.00114281453,1
<-2O+2S>,Transfer reaction,31.95431310966,1
<H+2C+N+2O>,Others,71.0007282758,1
<H+2C+2O+Cl>,Others,91.96650695337,1
<-8H-3C+2N+O+2P>,Others,61.88598636742999,1
<8H+5C+O+S>,Redox reaction,116.02958605181,1
<10H+5C+4O>,Hydrolysis,134.05790880057998,1
<10H+12C+N+5O-P>,Others,217.08213542616,1
<7H+5C+3O>,Others,115.03951908432,1
<10H+10C>,Others,130.0782503223,1
<7H+5C+2N-O-P>,Others,48.09224661648,1
<7H+4C+N>,Transfer reaction,69.05784923004,1
<10H+11C+2N+3O>,Others,218.06914218987,1
<7H+4C+N+O+Se>,Others,164.96928564961,1
<10H+11C+2N+O+S>,Others,218.05138412513003,1
<10H+11C+2N+O>,Others,186.07931295073,1
<7H+4C+N+2O+Se>,Others,180.96420026918,1
<7H+4C+N+2O+S>,Redox reaction,133.01974964357998,1
<7H+3C>,Transfer reaction,43.05477522561,1
<10H+11C+3O>,Others,190.06299418101,1
<10H+11C>,Lytic reaction,142.0782503223,1
<10H+12C+12O>,Redox reaction,346.01722575714,1
<10H+12C+2N+2O>,Others,214.0742275703,1
<7H+3C+N+2O>,Others,89.04767846918,1
<10H+12C+4O>,Transfer reaction,218.05790880058,1
<7H+5C+4O+P+S>,Transfer reaction,193.98026687671,1
<10H+10C+5N-3O-2P>,Others,90.16135248889998,1
<7H+5C+N+4O>,Transfer reaction,145.03750770832,1
<105H+53C-O-P>,Others,694.8529517661601,1
<-S+2Cl>,Others,37.9656341896,1
<7H+7C+2N+7O+P>,Others,261.99908756988,1
<7H+6O+P>,Lytic reaction,133.99802494145,1
<7H+6C+N>,Lytic reaction,93.05784923004,1
<7H+6C+N-3O-P+S>,Transfer reaction,46.07141454731,1
<104H+64C-2O>,Others,840.82397411278,1
<104H+65C>,Others,884.81380335192,1
<10H+10C+2N+3O>,Hydrolysis,206.06914218987,1
<7H+5C+N>,Hydrolysis,81.05784923004,1
<7H+6C+3N+3O>,Redox reaction,169.04874109761,1
<10H+10C+2N+4O+S>,Hydrolysis,254.03612798384,1
<10H+10C+2N>,Others,158.08439833116,1
<10H+10C+3N+5O+F>,Hydrolysis,271.06044859617,1
<7H+5C-N>,Others,53.05170122118,1
<7H+5C+S>,Others,99.02684640001,1
<10H+10C+3O>,Others,178.06299418101,1
<7H+3C+N+2O+2S>,Others,152.99182081798,1
<7H+3C+4O+P>,Others,138.00819570231,1
<8H+5C+N+4O+P>,Others,177.01909473897,1
<7H+3C+3O+P>,Others,122.01328108274,1
<72H+46C+37O>,Others,1216.37524324465,1
<72H+45C+16O>,Hydrolysis,868.48203623368,1
<10H+19C+2O>,Lytic reaction,270.06807956144,1
<72H+38C+2N+12O+2P+S>,Others,842.4281209355,1
<72H+37C+2O>,Others,548.5532315597001,1
<72H+36C+4N+10O>,Others,720.52484453398,1
<10H+4C+2N+O+S>,Lytic reaction,134.05138412513,1
<10H+4C+2N+O+Se>,Others,181.99583475073,1
<10H+4C+5O+P>,Transfer reaction,169.02658541857,1
<70H+41C+4O>,Others,626.52741073438,1
<10H+4C+N+3O+P>,Others,151.03983018386,1
<10H+5C+2N+3O+S>,Others,178.04121336427,1
<6H+C+7N+15O+3P+S>,Others,480.8855446876,1
<10H+5C+2O>,Transfer reaction,102.06807956144,1
<6H+9C+5O>,Others,194.02152329123,1
<6H+9C+4O>,Others,178.02660867166,1
<10H+5C+4N>,Others,126.09054634001998,1
<74H+39C+N+11O+P>,Others,763.4999492031399,1
<12H+4C-O>,Others,44.09898576719,1
<76H+40C+N+11O+P>,Others,777.5155992675999,1
<7H+20C+3N+O+2Cl>,Lytic reaction,374.9966172224701,1
<7H+2C-2N+O+2S>,Others,82.98768418512,1
<7H+2C+N>,Lytic reaction,45.05784923004,1
<10H+13C+O>,Hydrolysis,182.07316494187,1
<7H+2C+N+O>,Lytic reaction,61.05276384961,1
<7H+2C+N+2O+S>,Redox reaction,109.01974964358,1
<7H+2C+11O+3P>,Others,299.92012203614,1
<7H+2C+10O+3P>,Lytic reaction,283.92520741657,1
<7H+11C+4O+Cl>,Others,238.00328638589,1
<77H+46C-2N-8O-P>,Transfer reaction,442.66330051787,1
<7H+11C+2N+2O+Cl>,Others,234.01960515561,1
<10H+14C+2O+2S>,Hydrolysis,274.01222191024,1
<10H+15C+3O>,Others,238.06299418101,1
<7H+10C+N+3O+S>,Others,221.01466426315,1
<79H+55C+11N+12O+2S>,Others,1149.53510937854,1
<79H+50C-3O-P>,Others,600.6596716890401,1
<10H+15C+4O>,Others,254.05790880058,1
<-O+Cl+Br>,Hydrolysis,97.89227566243,1
<7H+7C+N-O>,Hydrolysis,89.06293461047001,1
<7H+8C+2N>,Others,131.06092323447,1
<-N+O>,Hydrolysis,1.991840615140001,1
<8H+3C+N+3O+P>,Others,137.0241801194,1
<8H+3C+8O+2P>,Others,233.96944121124,1
<8H+3C+3N+3O+P>,Others,165.03032812826,1
<8H+3C+2N-O>,Others,56.07383364713,1
<8H+3C+2N+O>,Others,88.06366288627,1
<8H+3C+2N+O+Se>,Others,167.98018468626998,1
<8H+3C+2N+O+S>,Lytic reaction,120.03573406067,1
<8H+3C+2N+O+2S>,Lytic reaction,152.00780523507,1
<8H+2N-O>,Others,20.07383364713,1
<8H+2C>,Transfer reaction,32.06260025784,1
<-H+C+N-O+S>,Others,40.97240552703,1
<8H+18C+4O>,Others,288.04225873612,1
<-H+C+N-O>,Redox reaction,9.000334352629999,1
<-H+C-2O+3Cl>,Redox reaction,83.90890377462998,1
<8H+14C+8O>,Others,304.0219172144,1
<8H+14C+2O>,Transfer reaction,208.05242949698,1
<8H+13C+6O>,Others,260.03208797526,1
<-H+C+N+6O+2P>,Others,182.91226068646,1
<-H+C+I>,Others,137.89664686777002,1
<8H+4C+2N+2O>,Others,116.05857750584,1
<-H+3C+4N+4O+P>,Transfer reaction,185.95789146219,1
<8H+5C+7N+14O+3P+S>,Transfer reaction,514.90628013249,1
<8H+5C+6O>,Others,164.03208797526003,1
<8H+5C+5N-O+Cl>,Redox reaction,157.05190834241998,1
<-8H-8C+7N+11O+3P+S>,Others,294.7963357581,1
<-9H-8C+N+O+2P+S>,Transfer reaction,18.847158505169997,1
<-C+2N>,Others,16.00614800886,1
<-H+2C+N-O+S>,Transfer reaction,52.972405527030006,1
<-H+3C+6N+14O+3P+S>,Others,467.83278083799,1
<-H+C+F>,Others,29.9905781305,1
<8H+4O>,Others,72.04225873612,1
<-H+3O+S>,Transfer reaction,78.94899000088,1
<8H+4C-O>,Others,40.06768563827001,1
<-H+8C+2N+3Cl>,Others,227.90488102263,1
<8H+4C+5O>,Others,136.03717335569002,1
<-H+C+Br>,Others,89.91051256777,1
<-H+C+Cl>,Redox reaction,45.96102764977,1
<8H+13C+5O>,Others,244.03717335569,1
<8H+12C+4N+O>,Hydrolysis,224.06981089513,1
<-H+C-N+2O>,Others,28.97893020248,1
<7H+9C+N-4O-2P>,Others,3.130666754920007,1
<80H+51C+22O>,Hydrolysis,1044.5141242089398,1
<-H-C+N>,Others,0.9952489721999987,1
<80H+49C-2O>,Others,636.6361733392599,1
<80H+48C+40O>,Others,1296.4225873612,1
<80H+48C+34O>,Others,1200.45309964378,1
<7H+C+3N>,Redox reaction,61.0639972389,1
<-H-N+3O+2S>,Transfer reaction,96.91798717085,1
<7H+9C+N+O>,Others,145.05276384961002,1
<85H+43C-O-P>,Others,554.6964511215601,1
<-H-N+4O+S>,Others,80.94083061602001,1
<7H+9C+N+3O>,Others,177.04259308875,1
<7H+9C+N+2O>,Others,161.04767846918,1
<-H-O-P+2S>,Others,15.96764069858,1
<-N+3O+P>,Others,64.9554318527,1
<7H+8C+N+S>,Others,149.02992040444002,1
<7H+8C+N+O+S>,Others,165.02483502401003,1
<82H+48C+35O>,Others,1218.46366432781,1
<85H+45C+6N+31O+3P>,Others,1298.44721096806,1
<8H+12C+2S>,Hydrolysis,216.00674260664,1
<-H-3C+O+P>,Others,9.960851585759997,1
<-H+C-O+3Cl>,Others,99.9038183942,1
<-H+C>,Transfer reaction,10.99217496777,1
<-H-2C+3N+O>,Others,32.99631160063,1
<-H-2C+3N>,Others,17.00139698106,1
<8H+11C+2N+2O>,Others,200.05857750584,1
<8H+10C+5O>,Others,208.03717335569,1
<8H+10C+5N-P>,Others,167.10420828156998,1
<-H-3O+3Cl>,Redox reaction,55.91398915505998,1
<85H+53C-O-P>,Others,674.6964511215601,1
<-H-3O+Br>,Others,29.925768709059994,1
<-H-5C-5N+6O+2P>,Others,26.893816659880024,1
<8H+10C+2N+3O+2S>,Hydrolysis,267.99763447421003,1
<-H-7C-5N+6O+2P>,Others,2.893816659880024,1
<88H+55C>,Others,748.68860283624,1
<88H+54C-2O>,Others,704.6987735971,1
<-H-C+5N>,Others,57.00754498991999,1
<12H+4C+2N+6O+2P>,Others,246.01706010988,1
<4H+3C+2N-O>,Transfer reaction,52.04253351821001,1
<12H+5C+2N+2S>,Lytic reaction,164.04419074442,1
<16H+20C+2N+9O>,Others,428.08558010067,1
<29H+19C+6N+15O+3P+S>,Transfer reaction,706.06244642446,1
<29H+19C+6N+13O+3P>,Others,642.10054601092,1
<29H+18C+7N+10O+2P+S>,Others,597.1171853326199,1
<29H+18C+6N+16O+3P+S>,Others,710.0573610440299,1
<16H+16C+5O>,Others,288.09977361353003,1
<29H+18C+12O-P>,Others,406.1921393710901,1
<29H+17C+2N+12O+S-Br>,Others,406.22578295277,1
<16H+17C+2O>,Others,252.11502975482,1
<29H+15C+2N+14O+3P>,Others,554.08316461277,1
<28H+41C+26O>,Others,936.08688101126,1
<28H+30C+4N+2O>,Others,476.2212261593,1
<28H+27C+15O>,Others,592.14282019599,1
<28H+21C+3O>,Others,328.20384476115,1
<28H+21C+2O>,Others,312.20893014158,1
<16H+19C+6O>,Others,340.0946882331,1
<16H+20C+2N+8O+2S>,Others,476.0348078299001,1
<28H+20C-7O-2P>,Others,94.30717456860998,1
<29H+19C+6N+16O+3P+S>,Transfer reaction,722.05736104403,1
<16H+16C+4O>,Others,272.10485899396,1
<29H+20C+O>,Others,285.22184055424003,1
<16H+14C+O>,Others,200.12011513525,1
<16H+12C+4O>,Lytic reaction,224.10485899396,1
<16H+13C+2O-2P-S>,Transfer reaction,110.19543458358,1
<2H+2C+O+2Cl>,Transfer reaction,111.94827004803,1
<2H+2C+7N+14O+3P+S>,Others,472.85932993911,1
<2H+2C+4O+S>,Redox reaction,121.96737971714,1
<16H+13C+4N+2O>,Hydrolysis,260.12732577254,1
<16H+13C+O>,Others,188.12011513525,1
<2H+2C+2N+2O>,Others,86.01162731246,1
<29H+22C+O>,Others,309.22184055424003,1
<16H+15C+4N+3O+S>,Others,332.09431156651004,1
<16H+15C+4O>,Others,260.10485899396,1
<2C+O+2Cl>,Others,109.93261998357,1
<2C+7O>,Others,135.96440233699002,1
<2C+4O>,Others,87.97965847828,1
<16H+15C+8O>,Others,324.08451747224,1
<2C+2Cl>,Transfer reaction,93.937705364,1
<28H+20C+O>,Hydrolysis,284.21401552201,1
<28H+19C-O>,Others,240.22418628287,1
<26H+18C+13O>,Others,450.13734089239,1
<28H+19C+O>,Redox reaction,272.21401552201,1
<27H+22C+5N+9O+S>,Others,537.15294864289,1
<27H+21C+7N+14O+2P>,Others,663.10912257204,1
<27H+20C+3N+8O>,Others,437.17981484006,1
<27H+18C+7N+10O+2P+S>,Others,595.1015352681599,1
<27H+16C+6N+12O+3P+S>,Transfer reaction,620.0620525012899,1
<27H+16C+2N+6O>,Others,343.18691159649,1
<27H+15C+3N+3O+2S>,Others,361.14938409101,1
<26H+28C+4N+2O>,Others,450.20557609484,1
<26H+27C+4N+8O>,Others,534.17506381226,1
<16H>,Redox reaction,16.12520051568,1
<26H+21C>,Others,278.20345083798,1
<26H+19C-O>,Redox reaction,238.20853621841,1
<26H+19C+O>,Redox reaction,270.19836545755,1
<26H+19C+3O>,Others,302.18819469669,1
<26H+19C+2O>,Others,286.19328007712,1
<26H+18C>,Redox reaction,242.20345083798,1
<26H+18C+O>,Others,258.19836545755,1
<27H+22C+7N+4O>,Others,453.2124523795,1
<27H+27C+N+10O>,Others,525.16349607034,1
<16H+9C+5N+13O+3P>,Hydrolysis,494.9957465875,1
<16H+7C+N+O>,Lytic reaction,130.12318913968002,1
<28H+19C+2N+11O>,Others,460.16930972657,1
<16H+21C+4N+2O>,Others,356.12732577254,1
<28H+18C+2O>,Others,276.20893014158,1
<28H+18C+18O>,Others,532.1275640547001,1
<16H+28C+16O>,Others,608.0438344288,1
<16H+7C+2N>,Others,128.13134852454002,1
<28H+17C+7N+12O+3P+S>,Transfer reaction,647.07295153795,1
<16H+8C>,Hydrolysis,112.12520051568,1
<28H+15C>,Others,208.21910090244,1
<28H+16C>,Redox reaction,220.21910090244,1
<28H+16C-2O>,Others,188.2292716633,1
<16H+9C+2N+2O>,Others,184.12117776368,1
<28H+16C+8O>,Others,348.178417859,1
<28H+16C+7N+10O+3P+S>,Transfer reaction,603.0831222988099,1
<16H+9C+2N+3O>,Others,200.11609238325,1
<28H+16C+2N+6O>,Others,344.19473662872,1
<16H+11C+7N+7O+3P+S>,Others,483.0044780533401,1
<2H+2N>,Others,30.02179807332,1
<16H+11C+12O>,Others,340.06417595052005,1
<16H+10C+5N+18O+5P>,Hydrolysis,648.91784368219,1
<14H+9C+N+O-P>,Others,121.13377707680002,1
<15H+10C+3N+3O>,Others,225.11134135545,1
<15H+10C+3N+6O+S+Se>,Others,384.98467818856,1
<15H+10C+3N+6O>,Others,273.09608521416,1
<2H-O+2S>,Others,49.96487779369,1
<15H+10C+5N+15O+4P>,Hydrolysis,568.9515127928299,1
<2H-2C+2O>,Others,10.0054793036,1
<15H+10C+N+2O>,Hydrolysis,181.11027872702,1
<2H+N>,Lytic reaction,16.01872406889,1
<15H+10C+N+8O>,Others,277.07976644444,1
<15H+11C+2N+7O+P>,Hydrolysis,318.06168782772,1
<15H+11C+3N+6O+2S>,Others,349.04022756296,1
<2H+C+Se>,Others,93.93217186446,1
<15H+11C+5N+3O+S>,Transfer reaction,297.08956053871003,1
<15H+11C+N+2O-2P>,Others,131.16275473017998,1
<15H+12C+4N+3O+P+S>,Others,326.06024853270003,1
<15H+12C+N+2O>,Others,205.11027872702,1
<14H+9C+7N+5O+3P+S>,Others,424.99899874974,1
<14H+9C+5N+7O+P>,Hydrolysis,335.06308480878,1
<30H+15C+7N+14O+3P+S>,Transfer reaction,657.0784308415499,1
<30H+18C+13O>,Hydrolysis,454.16864102131,1
<14H+9C+2N+4O+S>,Ligation reaction,246.06742811276,1
<30H+18C+7O>,Others,358.19915330389,1
<30H+18C+7N+15O+3P+S>,Others,709.0733454611199,1
<30H+18C+3O>,Others,294.21949482561,1
<14H+9C+2N+4O>,Ligation reaction,214.09535693836,1
<14H+9C+2N+5O+P>,Others,261.06403355635,1
<14H+9C+2N+5O>,Transfer reaction,230.09027155793,1
<30H+17C-O>,Others,218.23983634733,1
<14H+9C+5N+12O+3P>,Hydrolysis,476.9851819034701,1
<30H+17C+7N+10O+3P+S>,Transfer reaction,617.09877236327,1
<30H+17C+2N+12O+S>,Others,486.151945585,1
<30H+16C>,Others,222.2347509669,1
<14H+9C+3N+8O+P>,Lytic reaction,323.05185141949,1
<14H+9C+3N+9O+P>,Transfer reaction,339.04676603906006,1
<30H+16C+4N+4O>,Others,342.2267054629,1
<-10H-6C+7N+15O+3P+S>,Others,380.76034417192,1
<15H+13C+3N+3O+S>,Others,293.08341252985,1
<15H+13C+3N+4O+S>,Others,309.07832714942,1
<2H+C+2N+O>,Hydrolysis,58.01671269289,1
<2H+3O+2P-Se>,Others,32.03139612001,1
<15H+9C+4N+8O+P>,Lytic reaction,338.06275045615,1
<15H+9C+N+5O+S>,Hydrolysis,249.06709376013,1
<2H+4C+4O>,Hydrolysis,113.99530854274,1
<168H+90C+3N+25O+P>,Others,1722.1704549156,1
<16H+10C+2N+11O+2P>,Others,402.02293333665,1
<16H+10C+2O>,Others,168.11502975482,1
<16H+10C+3N+6O+S-2Br>,Transfer reaction,148.23930622079,1
<2H+3O+2P-S>,Others,79.97584674561,1
<15H+9C+4N+4O+2P+S>,Transfer reaction,337.02892515069004,1
<2H+3C>,Others,38.01565006446,1
<16H+10C+3N+6O+S>,Others,306.07598142079,1
<2H+3C+7N+11O+3P+S>,Transfer reaction,436.8745860804,1
<2H+3C+5O>,Redox reaction,117.99022316231,1
<2H+3C+3N+2O+P>,Others,142.98846331531,1
<16H+10C+4N+5O+S>,Redox reaction,304.08414080565,1
<2H+3C+2N-O>,Lytic reaction,50.02688345375,1
<2H+4C-O>,Others,34.02073544488999,1
<15H+8C+N+7O>,Others,237.08485182487,1
<2H+9C>,Others,110.01565006446,1
<15H+18C+5N+6O+S+2Cl>,Others,499.01200976142,1
<2H+9C-3O-2P>,Others,0.0833822089100024,1
<2H+9C+O>,Others,126.01056468403,1
<15H+13C+6N+10O+2P+S>,Others,509.00456087697,1
<2H+7O+2P-S>,Others,143.95550522389,1
<2H+7C+O+2Cl>,Ligation reaction,171.94827004803,1
<15H+14C+N+5O>,Hydrolysis,277.09502258573,1
<2H+6C+O+2I>,Redox reaction,343.81950848403,1
<2H+6C+2O+2Cl>,Others,175.9431846676,1
<2H+4O>,Others,65.99530854274,1
<15H+6C+2N>,Transfer reaction,115.12352349231,1
<15H+8C+N+2S>,Others,189.06459183668,1
<15H+8C+N+5O>,Others,205.09502258573,1
<2H+5C+4N-O>,Hydrolysis,102.03303146261,1
<2H+5C+4N+S>,Others,150.00001725658,1
<2H+5C+4N+O>,Hydrolysis,134.02286070175,1
<2H+5C+2O>,Ligation reaction,94.0054793036,1
<26H+18C+2O>,Others,274.19328007712,1
<26H+17C-O>,Others,214.20853621841,1
<4H+4C+O+S>,Lytic reaction,99.99828592289,1
<20H+16C+3O>,Hydrolysis,260.14124450331,1
<21H+12C+3N-2P>,Others,145.22602369328,1
<21H+12C+3N+3O+2S>,Others,319.10243389763,1
<18H+13C+2N+O-2P>,Others,156.19438921173003,1
<21H+11C+2N+5O+P+S>,Others,324.09087995636,1
<218H+113C+8N+57O>,Others,2599.44058237707,1
<20H>,Others,20.1565006446,1
<18H+14C+4N+2O>,Others,274.142975837,1
<20H+27C+2N+12O>,Ligation reaction,564.1016240883,1
<20H+22C+8O>,Transfer reaction,412.11581760116,1
<20H+21C+2N+2O>,Hydrolysis,332.1524778926,1
<20H+19C+N+3O>,Others,310.14431850774,1
<20H+19C+7O>,Others,360.12090298159,1
<18H+14C+O>,Others,202.13576519971,1
<20H+18C>,Others,236.1565006446,1
<20H+18C+O>,Others,252.15141526417,1
<20H+17C>,Others,224.1565006446,1
<20H+17C+4N+11O+2P>,Others,518.06038147443,1
<21H+13C+6N+15O+3P+S>,Transfer reaction,625.9998461666199,1
<18H+12C+9O>,Others,306.09508215627,1
<18H+12C+12O+S>,Others,386.05189718938,1
<22H+10C-O>,Others,126.17723608949,1
<22H+12C+4N-O-2P>,Others,144.24200811036997,1
<18H+11C+4O>,Others,214.12050905842,1
<22H+12C+2N+3O+S>,Others,274.13511375103,1
<22H+11C-O>,Others,138.17723608948998,1
<22H+11C-2N-4O-2P>,Transfer reaction,0.2388202250799977,1
<22H+11C+5N+6O+P>,Others,351.13077044705,1
<18H+11C+N+10O+P>,Others,355.06683277869,1
<220H+132C+4N+99O>,Others,3445.23035044575,1
<21H+17C+N+3O>,Hydrolysis,287.15214353997,1
<220H+115C+5N+86O+3P>,Others,3140.22082039103,1
<21H+9C+3N>,Others,171.17354769012002,1
<21H+23C+3N+11O>,Ligation reaction,515.1176085053901,1
<21H+20C+N+3O>,Others,323.15214353997,1
<21H+20C+7N+6O>,Ligation reaction,455.15533142526,1
<21H+19C+N+3O>,Others,311.15214353997,1
<18H+12C+11O>,Others,338.08491139541,1
<18H+15C+3O>,Hydrolysis,246.12559443885,1
<20H+15C-7O-2P>,Others,26.244574310769984,1
<26H+17C+4N+14O+2P>,Others,572.09207552652,1
<20H+15C+6N+4O+S>,Others,380.12667432386,1
<20H+11C+3N+5O+P>,Others,305.11405775416,1
<19H+10C+N+2S>,Others,217.0958919656,1
<201H+108C+3N+81O+2P>,Others,2898.1176616735297,1
<200H+107C+2N+82O+2P>,Others,2887.1016772564403,1
<19H+8C+3N-O>,Ligation reaction,141.16298300608997,1
<19H+27C+N+12O>,Others,549.09072505164,1
<19H+26C+3N+8O+2S>,Others,565.06135693102,1
<19H+19C+7N+5O>,Ligation reaction,425.14476674123,1
<19H+19C+3N+6O>,Others,385.12738534308,1
<19H+11C+3N+3O+2S>,Others,305.08678383317,1
<19H+18C+N+2O>,Redox reaction,281.14157885594,1
<19H+17C+N+2O>,Redox reaction,269.14157885594,1
<19H+17C+4N+8O+P>,Transfer reaction,438.09405058507,1
<19H+17C+3N+2O>,Others,297.1477268648,1
<19H+14C+5N+3O>,Others,305.14878949323,1
<19H+13C+2N+5O+P>,Others,314.1031587175,1
<19H+12C+7O-P>,Others,244.13931595094,1
<20H+11C+5N+5O+P>,Others,333.12020576302,1
<20H+11C+N+7O+P+S>,Redox reaction,341.06981015884,1
<18H+9C-O>,Others,110.14593596057,1
<18H+20C+2N+10O>,Others,446.0961447847,1
<20H+15C+2O>,Others,232.14632988374,1
<20H+14C+7N+17O+3P+S>,Others,682.9849243779598,1
<18H+17C+4N+6O>,Others,374.12263431528,1
<20H+14C+2N+9O>,Ligation reaction,360.11688022959004,1
<20H+13C>,Others,176.1565006446,1
<18H+17C+5O>,Hydrolysis,302.11542367799,1
<18H+20C+14O>,Others,482.06965525412,1
<18H+20C+2N+2O>,Hydrolysis,318.13682782814004,1
<18H+9C+O>,Others,142.13576519971,1
<18H+21C+10O>,Others,430.08999677584,1
<18H+21C+7N+7O+3S+Cl>,Others,611.01183715334,1
<20H+12C+5O>,Others,244.13107374245,1
<18H+27C+6O>,Others,438.11033829756,1
<20H+12C+2O>,Others,196.14632988374,1
<20H+12C+19O+3S>,Others,563.97609193963,1
<18H+27C+9O>,Others,486.09508215627,1
<22H+12C+6N+3O>,Others,298.17533859435,1
<22H+12C+6O+2P>,Lytic reaction,324.08916242332,1
<18H+11C+4N+6O>,Others,302.12263431528004,1
<18H+11C+2N+O>,Hydrolysis,194.14191320857003,1
<25H+14C+3N+3O+2S>,Others,347.1337340265501,1
<25H+13C+2N+14O+3P+S>,Others,558.0239356582499,1
<17H+15C+3N+4O+S>,Others,335.09397721388,1
<24H+30C+9O>,Others,528.14203234965,1
<24H+27C+17O>,Hydrolysis,620.1013493062101,1
<24H+24C+4N+2O>,Others,400.18992603038,1
<24H+21C+2N+2O>,Others,336.18377802152,1
<24H+20C>,Redox reaction,264.18780077352,1
<24H+20C+6N-2O-2P>,Others,254.26889156411997,1
<24H+20C+2N+O>,Hydrolysis,308.18886340195,1
<24H+20C+10N+12O+2P>,Transfer reaction,658.1050402495,1
<24H+19C+O>,Others,268.18271539309,1
<24H+18C>,Redox reaction,240.18780077352,1
<24H+18C+11O>,Others,416.13186158879,1
<24H+17C+8N+4O>,Others,404.19205128724,1
<24H+17C+3O>,Others,276.17254463223003,1
<24H+16C+O>,Others,232.18271539309,1
<25H+15C+N-O>,Others,203.20378519061,1
<25H+16C+2N+7O-P>,Others,326.19241415318004,1
<25H+17C+3N+16O+2P>,Others,589.071005729,1
<17H+12C+N+3O>,Others,223.12084341105,1
<26H+17C+2O>,Hydrolysis,262.19328007712,1
<26H+17C+2N+7O>,Others,370.17400118383,1
<26H+17C+17O>,Others,502.11699937067,1
<17H+10C+3N+3O+2S>,Others,291.07113376871,1
<26H+16C+2N+9O>,Others,390.16383042297,1
<26H+16C+2N+10O>,Others,406.15874504254,1
<17H+12C+3N+7O+S>,Transfer reaction,347.07872107259004,1
<17H+13C+N+3O-2P>,Others,173.17331941421,1
<25H+17C+8N+8O+P>,Others,500.15329679617,1
<26H+13C>,Others,182.20345083798,1
<26H+13C-O>,Others,166.20853621841,1
<26H+13C+2N+O>,Others,226.20451346641,1
<17H+14C+3N+6O+S>,Hydrolysis,355.08380645302003,1
<25H+21C+N+14O>,Others,515.12750448416,1
<25H+21C+7N+13O+2P>,Others,645.09855788801,1
<25H+19C+N+2O>,Others,299.18852904932004,1
<17H+15C+5N+10O+2P+S>,Transfer reaction,521.0171369369999,1
<17H+15C+N+8O>,Others,339.09541650890003,1
<24H+15C+7N+15O+3P+S>,Others,667.0263952677399,1
<22H+16C+8N+4O>,Others,390.17640122278,1
<22H+24C+2O>,Others,342.16197994820004,1
<17H+9C+N+2S>,Others,203.08024190114,1
<22H+21C+2N+3O>,Hydrolysis,350.16304257663,1
<22H+19C+2N+O>,Hydrolysis,294.17321333749,1
<22H+19C+2N+O+2S>,Others,358.11735568629,1
<22H+18C+O>,Others,254.16706532863,1
<18H+10C+2N+3O+S>,Others,246.10381362211,1
<22H+15C-7O-2P>,Transfer reaction,28.26022437522999,1
<23H+12C+3N+6O>,Hydrolysis,305.158685472,1
<18H+10C+N+7O+P+S>,Others,327.05416009438005,1
<22H+15C+5N+13O+2P>,Transfer reaction,542.06893478246,1
<22H+15C+2O>,Hydrolysis,234.1619799482,1
<22H+14C>,Redox reaction,190.17215070906,1
<18H+11C+2N+4O>,Ligation reaction,242.12665706728,1
<22H+13C-O>,Others,162.17723608948998,1
<22H+13C+O>,Others,194.16706532863,1
<22H+29C+2N+11O>,Others,574.1223595331901,1
<23H+13C+3N+3O+2S>,Others,333.11808396209005,1
<17H+16C+N+2O>,Redox reaction,255.12592879148,1
<24H+13C+2N+O>,Others,224.18886340195,1
<24H+15C+3O>,Hydrolysis,252.17254463223,1
<24H+15C+2N+5O+S>,Others,344.14059305463,1
<17H+17C+N+2O>,Redox reaction,267.12592879148,1
<17H+17C+N+3O>,Redox reaction,283.12084341105003,1
<24H+14C+3O>,Others,240.17254463223,1
<24H+14C+2O>,Others,224.17763001266,1
<24H+14C+2N+4O+S>,Others,316.14567843506,1
<17H+6C+3N-O>,Others,115.14733294163,1
<23H+13C+3N+5O>,Others,301.16377085243,1
<24H+10C+4N-O>,Ligation reaction,184.20518217167,1
<23H+21C+N+4O>,Others,353.162708224,1
<23H+17C+3N+11O>,Others,445.13325856985,1
<23H+17C+3N+10O>,Others,429.13834395028,1
<17H+9C+4N+2O+S>,Lytic reaction,245.10722197917,1
<23H+15C+3N+14O+2P>,Others,531.0655264254,1
<23H+14C+N+10O>,Hydrolysis,365.13219594142,1
<30H+19C+2N+7O>,Others,398.20530131275,1
<14H+8C>,Others,110.10955045122,1
<30H+19C+7N+16O+3P>,Others,705.0961889062899,1
<40H+21C-O>,Others,276.31808666963,1
<41H+21C+5N+12O>,Lytic reaction,555.27517177842,1
<40H+31C+6N+8O>,Others,624.29076227234,1
<40H+30C>,Redox reaction,400.3130012892,1
<40H+30C-O>,Others,384.31808666963,1
<40H+27C+2O>,Ligation reaction,396.30283052834,1
<40H+26C-2O>,Others,320.32317205005995,1
<40H+26C+2O>,Others,384.30283052834,1
<13H+10C+4N+14O+3P>,Hydrolysis,505.96411210595,1
<40H+25C+2O>,Others,372.30283052834,1
<13H+10C+5N+6O+P>,Transfer reaction,330.06034515698,1
<40H+24C+38O+6S>,Others,1127.95218387926,1
<40H+24C+2O>,Others,360.30283052834,1
<13H+10C+5N>,Others,203.11709544114,1
<40H+24C+19O>,Others,632.21637906103,1
<40H+24C+17O>,Others,600.22654982189,1
<40H+23C+4N+8O>,Others,500.28461426348,1
<13H+10C+6N+5O+P>,Others,328.06850454184,1
<41H+25C+8N+16O+3P+S>,Hydrolysis,834.1574094396499,1
<12H+9C+O>,Others,136.08881500633,1
<41H+34C+6N+20O+P>,Others,884.21132473783,1
<42H+39C+4N+11O>,Redox reaction,742.28500818665,1
<12H+9C+3N+8O+P>,Ligation reaction,321.03620135503,1
<43H+27C+N+O>,Others,397.3344650098901,1
<43H+26C+N+20O>,Others,689.23784278172,1
<43H+26C+N+17O>,Others,641.25309892301,1
<43H+26C+8O+P>,Others,514.2695553408699,1
<43H+23C+5N+13O>,Hydrolysis,597.28573646245,1
<42H+40C+22O>,Others,874.2167729842,1
<42H+34C+4N+14O>,Redox reaction,730.2697520453601,1
<42H+21C-O>,Others,278.33373673409,1
<42H+32C-O>,Others,410.33373673409,1
<42H+30C+6N+18O>,Others,774.2555585325001,1
<42H+28C>,Others,378.32865135366,1
<42H+28C+2N+22O>,Others,758.22292099306,1
<42H+26C+7O>,Others,466.29305369065,1
<42H+25C+10N+9O+S>,Others,658.2856941484899,1
<42H+23C+4N+14O>,Hydrolysis,598.2697520453601,1
<13H+11C+5N+3O>,Others,263.10183929985,1
<13H+11C+7O+P>,Others,288.0398897544,1
<30H+19C-O>,Others,242.23983634733,1
<13H+11C+N+8O+P>,Transfer reaction,318.0378783784,1
<3H+7C+O+F>,Ligation reaction,122.01679287899,1
<13H+7C+N+2S>,Others,175.04894177222002,1
<3H+7C+N>,Others,101.02654910112,1
<3H+7C+N+3O>,Others,149.01129295983003,1
<3H+6C+O+I>,Redox reaction,217.92286161626,1
<3H+6C+N>,Redox reaction,89.02654910112001,1
<13H+8C+2N+9O+P>,Redox reaction,312.03586700240004,1
<13H+8C+3N+2O>,Others,183.10077667142,1
<3H+6C+N+3O+S>,Redox reaction,168.98336413423004,1
<13H+8C+3N+3O>,Others,199.09569129099,1
<3H+6C+3Cl>,Redox reaction,179.93003314268998,1
<13H+8C+4O-P>,Others,142.10762189885,1
<3H+5C-2O+Cl>,Others,66.00249853955,1
<13H+8C+N+2O>,Others,155.09462866256,1
<3H+5C+N-O>,Others,61.03163448155,1
<3H+5C+N+2O>,Others,109.01637834026,1
<13H+8C+N>,Hydrolysis,123.10479942342,1
<3H+8C+N+3O>,Others,161.01129295983003,1
<3H+8C+N+O>,Others,129.02146372069,1
<3H+9C+O+3Cl>,Hydrolysis,231.92494776226,1
<3H+N+3O+S>,Lytic reaction,96.98336413423,1
<13H+13C+3N+O+2S>,Others,291.05000440065,1
<13H+16C+N+3O>,Others,267.08954328213,1
<13H+3C+11O+3P+S>,Transfer reaction,349.93914340392,1
<3H-2C+N+2O>,Others,25.01637834026,1
<13H+5C+N+2O+P>,Transfer reaction,150.06839066098,1
<13H+5C+N-O>,Others,71.10988480385001,1
<3H+N+5O+2P>,Hydrolysis,158.94864619581,1
<3H+N+2O+S>,Lytic reaction,80.98844951466,1
<13H+7C+3N+3O>,Others,187.09569129099,1
<13H+6C+N-O>,Others,83.10988480385001,1
<13H+6C+N>,Others,99.10479942342,1
<3H+C+N+S>,Transfer reaction,60.99862027552,1
<13H+7C+2N+2O+P+2Cl>,Transfer reaction,258.00917002941,1
<13H+7C+2N+7O+P>,Transfer reaction,268.04603776326,1
<3H+C+6O+P>,Lytic reaction,141.96672481253,1
<3H+C+3N>,Others,57.03269710998,1
<43H+30C+7N+14O>,Others,725.28679909088,1
<44H+23C+N+6O+P>,Others,461.29062513839,1
<44H+23C-O>,Others,304.34938679855,1
<44H+24C+2O>,Others,364.33413065726,1
<4H+3C+2O+S>,Others,103.99320054246,1
<19H+12C+4N+7O+2P+S>,Lytic reaction,425.04496913832,1
<4H+3C+2N+3O>,Hydrolysis,116.02219199649,1
<4H+2N-O>,Lytic reaction,16.042533518209996,1
<12H+7C+3N+5O+P>,Lytic reaction,249.05145749632,1
<12H+7C+5N+12O+3P>,Lytic reaction,450.96953183901,1
<12H+7C+7O>,Others,208.05830272375,1
<12H+7C+N+O>,Others,126.09188901076,1
<4H+2C+O+S>,Others,75.99828592289,1
<4H+2C+4O>,Redox reaction,92.0109586072,1
<12H+7C+O+S>,Others,144.06088618073,1
<12H+7C+O>,Others,112.08881500633,1
<4H+2C+2O+2S>,Transfer reaction,123.96527171686,1
<4H+2C+2N>,Hydrolysis,56.03744813778,1
<4H+2C+2N+2O>,Others,88.02727737692001,1
<4H+12C+2N-6O-2P>,Others,18.12043642352001,1
<12H+7C>,Others,96.09390038676,1
<4H+3C+3O+S>,Others,119.98811516203,1
<12H+6C+N+7O+P>,Hydrolysis,241.0351387266,1
<4H+3C+4O>,Lytic reaction,104.0109586072,1
<4H+4C+2N+2O>,Others,112.02727737692,1
<4H+4C+N-P>,Transfer reaction,35.06061213493,1
<12H+5C+4N+O>,Others,144.10111102405,1
<12H+5C+9O+2P>,Lytic reaction,277.99565595973,1
<4H+4C+4O-S>,Transfer reaction,84.0388874328,1
<12H+5C+N+2O+P>,Others,149.06056562875,1
<12H+5C+N+5O+P>,Others,197.04530948746,1
<12H+6C+2N+3O>,Others,160.08479225433,1
<12H+6C+4O>,Others,148.07355886504,1
<12H+6C+9O+2S>,Hydrolysis,291.99227431169004,1
<4H+3C-O>,Others,24.03638550935,1
<12H+6C+5O>,Hydrolysis,164.06847348461,1
<12H+6C+7O>,Others,196.05830272375,1
<4H+3C+O+S>,Others,87.99828592289,1
<4H+3C+N-2O-P+Se>,Others,70.98730469579,1
<4H+3C+N-2O-P+S>,Others,23.04285407019,1
<4H+3C+N+2O+Se>,Others,165.94072517249,1
<4H+11C+N+2O+Cl>,Redox reaction,216.99305605449,1
<4C+O-S>,Others,32.02284344517,1
<12H+8C+2N+5O+S>,Redox reaction,248.04669266787,1
<44H+44C+24O>,Others,956.2222522878,1
<46H+25C+8O>,Others,474.3192684391401,1
<12H+8C+O+2S>,Ligation reaction,188.03295735513,1
<46H+23C-O>,Others,306.36503686301,1
<46H+23C+N+6O+P>,Others,463.30627520285,1
<45H+30C+5N+19O>,Others,779.2708742443299,1
<45H+28C-O-P>,Others,334.38344983236,1
<45H+23C+6O+P>,Others,448.29537616619,1
<44H+30C+3O>,Hydrolysis,452.32904527683,1
<12H+8C+8O>,Others,236.05321734332,1
<44H+29C+2O>,Others,424.33413065726,1
<12H+8C>,Redox reaction,108.09390038676,1
<44H+27C+O>,Lytic reaction,384.33921603769,1
<44H+27C+4O>,Ligation reaction,432.3239598964,1
<44H+27C+3O>,Ligation reaction,416.32904527683,1
<12H+9C+2N+6O>,Others,244.06953611304,1
<12H+9C+2O-2P>,Others,90.13620562906,1
<46H+28C+23O>,Others,750.24298773269,1
<46H+28C+2N+19O>,Others,714.26947726327,1
<4C+2N+7O+P>,Others,218.94431234427,1
<48H+30C+7N+18O+3P+S>,Lytic reaction,919.19893989997,1
<4C+2N+2O+2Cl>,Others,177.93368261199998,1
<49H+30C+3N+17O>,Others,723.30619712525,1
<49H+30C+22O-P>,Others,730.2977862113901,1
<49H+29C+3N+17O+2P>,Hydrolysis,773.25372112209,1
<49H+26C-N+2O-2P>,Others,317.42265781714,1
<48H+39C+7N+23O+P>,Others,1013.25391782658,1
<12H+8C+2N+6O+S>,Redox reaction,264.04160728744,1
<48H+29C-2O>,Others,364.3857723079,1
<46H+29C+24O>,Others,778.2379023522601,1
<48H+29C+12N+11O+S>,Others,772.3286215898698,1
<12H+8C+3N+6O+P>,Others,277.04637211589,1
<12H+8C+7N+15O+3P+S>,Transfer reaction,570.9324948809799,1
<46H+49C+6N+11O-2P+2Cl>,Transfer reaction,902.31263769159,1
<46H+35C-O>,Redox reaction,450.36503686301,1
<46H+33C+7N+16O+P-2S>,Others,763.3297230763299,1
<46H+30C+23O>,Others,774.24298773269,1
<3H+5C+2O+Cl>,Hydrolysis,129.98215701783,1
<3H+5C+2N-2O-P>,Others,28.06603186799,1
<13H+9C+2N+14O+3P>,Hydrolysis,465.9579640970901,1
<36H+19C-O>,Others,248.28678654071,1
<34H+21C+6N+9O>,Others,514.2387266985301,1
<14H+20C+12O>,Others,446.04852588606,1
<34H+20C+O>,Hydrolysis,290.26096571539,1
<14H+5C+2N-O>,Others,86.12078384051,1
<34H+20C+2O>,Others,306.25588033496,1
<34H+19C+2O>,Others,294.25588033496,1
<14H+6C+4N+2O>,Lytic reaction,174.11167570808,1
<34H+18C+6N+4O+S>,Hydrolysis,430.23622477508,1
<14H+6C+O>,Redox reaction,102.10446507079,1
<33H+30C+7N+7O>,Others,603.2441464315899,1
<33H+28C+5N+7O>,Others,551.23799842273,1
<14H+6C-O>,Redox reaction,70.11463583165,1
<33H+21C+5N+10O>,Others,515.22274228144,1
<33H+20C>,Others,273.25822606359,1
<32H+34C+4N+4O>,Hydrolysis,560.24235552736,1
<32H+34C+17O>,Others,712.16394956405,1
<32H+30C+2N+13O>,Transfer reaction,628.19043909463,1
<34H+21C+7N+14O+3P+S>,Others,733.1097309704699,1
<14H+18C+7O>,Hydrolysis,342.07395278821,1
<34H+21C-2O>,Others,254.27622185668,1
<34H+38C+19O>,Others,794.1694288676499,1
<14H+16C+2N+O>,Others,250.11061307965,1
<35H+22C+N+O>,Others,329.27186475205,1
<35H+22C+N+4O>,Others,377.25660861076,1
<35H+22C+8N+16O+3P+S>,Others,792.1104592462699,1
<14H+17C+5N+5O+S+Cl>,Others,435.04041742762,1
<35H+21C+3N+8O+S>,Others,489.2144862723,1
<35H+18C+N+O>,Others,281.27186475205,1
<14H+17C+6O>,Others,314.07903816864,1
<34H+21C-O>,Others,270.27113647625,1
<14H+18C+2N+6O>,Others,354.0851861775,1
<34H+24C+O>,Others,338.26096571539,1
<34H+24C+3O>,Others,370.25079495453,1
<34H+23C-O>,Others,294.27113647625,1
<34H+23C+4N+19O+2P>,Ligation reaction,732.1292488822099,1
<34H+22C+O>,Hydrolysis,314.26096571539,1
<34H+21C>,Redox reaction,286.26605109582,1
<32H+29C+5N+11O-P>,Others,595.23606987036,1
<32H+25C+2N+6O>,Others,456.22603675764,1
<32H+24C+6O>,Hydrolysis,416.21988874878,1
<30H+28C+4N+4O>,Redox reaction,486.2267054629,1
<31H+29C+N+9O>,Hydrolysis,537.19988157969,1
<31H+29C+N+10O>,Hydrolysis,553.19479619926,1
<31H+28C+8N+12O+2S+Cl>,Others,770.11913850021,1
<31H+25C+7N+7O>,Others,541.22849636713,1
<14H+8C+6O>,Others,206.07903816864,1
<30H+31C+4N+8O>,Others,586.20636394118,1
<30H+30C+19O>,Others,694.13812873873,1
<30H+22C-O>,Others,278.23983634733,1
<32H+16C+2O>,Others,256.24023027050004,1
<14H+8C+N+3O-P>,Others,141.12360631594,1
<30H+22C+4O>,Others,358.21440944518,1
<14H+8C+N+5O>,Others,204.0871975535,1
<30H+20C-7O-2P>,Others,96.32282463306996,1
<14H+8C+N+O>,Others,140.10753907522002,1
<30H+20C+6N+10O+2S>,Others,578.14648353798,1
<30H+20C+3O>,Lytic reaction,318.21949482561,1
<32H+15C+7N+14O+3P+S>,Transfer reaction,659.0940809060099,1
<32H+16C+5N+15O+3P-S>,Others,595.13870516792,1
<32H+24C+3O>,Others,368.2351448900701,1
<32H+19C+7N+14O+3P+S>,Transfer reaction,707.0940809060099,1
<14H+6C>,Redox reaction,86.10955045122,1
<32H+22C+2O>,Others,328.24023027050004,1
<32H+21C-O>,Others,268.25548641179,1
<14H+7C+4N+O>,Others,170.11676108851,1
<14H+7C+N+2O>,Others,144.10245369479,1
<14H+7C+N+O>,Others,128.10753907522002,1
<32H+20C+7N+16O+3P+S>,Others,751.0839101451498,1
<32H+19C+7N+12O+3P+S>,Transfer reaction,675.1042516668699,1
<14H+8C+4O>,Others,174.0892089295,1
<32H+19C+2N+7O>,Others,400.2209513772101,1
<14H+8C+2N+2O+S>,Ligation reaction,202.07759887362,1
<14H+8C+2N+2O>,Others,170.10552769922,1
<32H+17C>,Others,236.25040103136,1
<32H+17C-O>,Others,220.25548641179,1
<32H+17C+6N+4O+S>,Hydrolysis,416.22057471062,1
<14H+8C+2N+5O>,Others,218.09027155793,1
<36H+19C+O>,Others,280.27661577985003,1
<36H+20C+2O>,Others,308.27153039942004,1
<3H+4C+N>,Others,65.02654910112,1
<14H+15C+4O>,Others,258.0892089295,1
<3H+2C+O+F>,Others,62.01679287899,1
<3H+2C+O+Cl>,Others,77.98724239826001,1
<3H+2C+N>,Others,41.02654910112,1
<3H+2C+N-2O>,Others,9.036719861979996,1
<14H+10C+5N+5O+P>,Others,315.07325556964,1
<14H+10C+5N+9O+3P-S>,Transfer reaction,409.02836687036,1
<14H+11C+2N+6O+2S>,Hydrolysis,334.0293285263,1
<3H+2C+2O+S-Cl>,Lytic reaction,56.01652282823,1
<14H+11C+2N+7O+P>,Hydrolysis,317.05386279549003,1
<14H+11C+2N+7O>,Hydrolysis,286.08010079707003,1
<39H+28C+6N+13O+P-2S>,Transfer reaction,634.2871299875799,1
<39H+24C+3N+15O>,Others,609.23811756381,1
<39H+24C+17O-P>,Others,568.24496279124,1
<39H+21C+6O+P>,Others,418.24842597281,1
<39H+20C+7N+4O+S>,Ligation reaction,473.27842394066,1
<38H+28C+5N+13O+P>,Transfer reaction,683.2203732997199,1
<38H+25C+2N+5O+S>,Hydrolysis,478.25014350585,1
<3H+2C+O>,Others,43.01838971626,1
<3H+2C-N+3O+2S>,Transfer reaction,124.94928729977,1
<3H+2C>,Transfer reaction,27.02347509669,1
<3H+3O+P>,Redox reaction,81.98198095382,1
<3H+4C+N-O>,Others,49.03163448155,1
<13H+9C+3N+2O>,Others,195.10077667142,1
<13H+9C+4N+7O+P>,Ligation reaction,320.05218577212,1
<3H+4C+3N-O>,Others,77.03778249041001,1
<3H+4C+3N+2O>,Others,125.02252634912,1
<13H+9C+N+3O>,Others,183.08954328213,1
<3H+4C+2N+O+F>,Redox reaction,114.02294088785,1
<144H+74C+4O>,Others,1097.1064631194,1
<14H+10C+5N+13O+3P>,Hydrolysis,504.98009652304,1
<3H+3C-N+4O>,Lytic reaction,89.00005957054,1
<3H+3C+O>,Others,55.01838971626,1
<3H+3C+N>,Others,53.02654910112,1
<14H+10C+2N+5O+S>,Others,274.06234273233,1
<3H+3C+N+3O>,Hydrolysis,101.01129295983,1
<14H+10C+2O>,Ligation reaction,166.09937969036,1
<3H+3C+2O>,Others,71.01330433583,1
<38H+25C+2N+16O>,Others,622.22213314672,1
<38H+24C+O>,Others,342.29226584431,1
<38H+24C+7N+18O+3P+S>,Lytic reaction,837.1206895776699,1
<36H+23C-2O>,Others,280.29187192114,1
<14H+14C+6N+2O>,Others,298.11782371694005,1
<36H+25C+23O>,Others,704.16473741039,1
<36H+24C+O>,Others,340.27661577985003,1
<36H+24C+7N+17O+3P+S>,Lytic reaction,819.1101248936399,1
<36H+24C+3O>,Others,372.26644501899,1
<36H+24C+2O>,Others,356.27153039942004,1
<36H+23C-O>,Others,296.28678654071,1
<36H+23C+7N+16O+3P+S>,Others,791.1152102740699,1
<14H+13C+4O>,Others,234.0892089295,1
<36H+23C+7N+16O+3P+2S>,Lytic reaction,823.08728144847,1
<36H+23C+2O>,Others,344.27153039942004,1
<36H+22C+2N+14O>,Others,552.2166538431201,1
<36H+22C+18O>,Others,588.19016431254,1
<14H+15C+4N+2O+S>,Others,314.08374688248,1
<36H+21C+7N+14O+3P+S>,Redox reaction,735.1253810349299,1
<36H+20C-7O-2P>,Others,102.36977482645,1
<14H+13C+O>,Others,186.10446507079,1
<36H+32C+6N+14O>,Others,728.2289498608401,1
<38H+24C+7N+16O+3P+S>,Others,805.1308603385299,1
<14H+12C+O>,Others,174.10446507079,1
<14H+11C+4O>,Redox reaction,210.0892089295,1
<14H+12C+2N>,Others,186.11569846008,1
<38H+23C-O>,Others,298.30243660517,1
<14H+12C+6N+4O>,Others,306.10765295608,1
<38H+23C+4N+8O>,Others,498.2689641990201,1
<38H+23C+19O>,Others,618.20072899657,1
<14H+12C+N+Cl>,Others,207.08147713765,1
<14H+12C>,Others,158.10955045122,1
<37H+19C+6O+P>,Others,392.23277590835,1
<38H+20C+N+8O+P>,Others,451.2335041841501,1
<38H+19C-O>,Others,250.30243660517,1
<14H+13C+2N-3O-2P>,Transfer reaction,88.18343060453,1
<38H+19C+O>,Others,282.29226584431,1
<14H+13C+4N+2O>,Redox reaction,258.11167570808,1
<37H+23C-O-P>,Others,266.32084957452,1
<37H+23C+6O+P>,Others,440.23277590835,1
<-10H-10C+7N+12O+3P+S>,Others,284.77560031321,1
